id,difficulty,width,height,mines,status,touches,guesses,revealed_count,total_safe_cells,score,method,guess
1,beginner,9,9,10,won,12,0,71,71,12,naive,random
2,beginner,9,9,10,lost,12,4,53,71,31,naive,random
3,beginner,9,9,10,won,11,0,71,71,11,naive,random
4,beginner,9,9,10,won,17,0,71,71,17,naive,random
5,beginner,9,9,10,won,16,0,71,71,16,naive,random
6,beginner,9,9,10,won,14,0,71,71,14,naive,random
7,beginner,9,9,10,won,16,0,71,71,16,naive,random
8,beginner,9,9,10,won,20,5,71,71,20,naive,random
9,beginner,9,9,10,won,11,1,71,71,11,naive,random
10,beginner,9,9,10,won,14,0,71,71,14,naive,random
11,beginner,9,9,10,won,19,0,71,71,19,naive,random
12,beginner,9,9,10,won,27,4,71,71,27,naive,random
13,beginner,9,9,10,won,12,1,71,71,12,naive,random
14,beginner,9,9,10,won,22,3,71,71,22,naive,random
15,beginner,9,9,10,won,15,3,71,71,15,naive,random
16,beginner,9,9,10,won,19,0,71,71,19,naive,random
17,beginner,9,9,10,won,26,0,71,71,26,naive,random
18,beginner,9,9,10,won,20,0,71,71,20,naive,random
19,beginner,9,9,10,won,19,0,71,71,19,naive,random
20,beginner,9,9,10,won,15,0,71,71,15,naive,random
21,beginner,9,9,10,won,15,0,71,71,15,naive,random
22,beginner,9,9,10,won,19,3,71,71,19,naive,random
23,beginner,9,9,10,won,20,0,71,71,20,naive,random
24,beginner,9,9,10,won,15,0,71,71,15,naive,random
25,beginner,9,9,10,won,13,0,71,71,13,naive,random
26,beginner,9,9,10,won,24,0,71,71,24,naive,random
27,beginner,9,9,10,won,27,0,71,71,27,naive,random
28,beginner,9,9,10,won,13,0,71,71,13,naive,random
29,beginner,9,9,10,won,13,0,71,71,13,naive,random
30,beginner,9,9,10,won,18,0,71,71,18,naive,random
31,beginner,9,9,10,won,23,0,71,71,23,naive,random
32,beginner,9,9,10,won,19,1,71,71,19,naive,random
33,beginner,9,9,10,won,4,0,71,71,4,naive,random
34,beginner,9,9,10,lost,9,2,59,71,22,naive,random
35,beginner,9,9,10,lost,14,1,71,71,15,naive,random
36,beginner,9,9,10,won,12,0,71,71,12,naive,random
37,beginner,9,9,10,won,14,0,71,71,14,naive,random
38,beginner,9,9,10,won,13,0,71,71,13,naive,random
39,beginner,9,9,10,won,27,0,71,71,27,naive,random
40,beginner,9,9,10,won,16,0,71,71,16,naive,random
41,beginner,9,9,10,won,21,0,71,71,21,naive,random
42,beginner,9,9,10,won,23,0,71,71,23,naive,random
43,beginner,9,9,10,won,22,0,71,71,22,naive,random
44,beginner,9,9,10,won,11,0,71,71,11,naive,random
45,beginner,9,9,10,won,11,0,71,71,11,naive,random
46,beginner,9,9,10,won,23,2,71,71,23,naive,random
47,beginner,9,9,10,won,17,0,71,71,17,naive,random
48,beginner,9,9,10,won,21,0,71,71,21,naive,random
49,beginner,9,9,10,won,15,1,71,71,15,naive,random
50,beginner,9,9,10,won,22,0,71,71,22,naive,random
51,beginner,9,9,10,lost,18,2,70,71,20,naive,random
52,beginner,9,9,10,won,16,0,71,71,16,naive,random
53,beginner,9,9,10,won,22,0,71,71,22,naive,random
54,beginner,9,9,10,won,13,0,71,71,13,naive,random
55,beginner,9,9,10,won,7,0,71,71,7,naive,random
56,beginner,9,9,10,won,19,0,71,71,19,naive,random
57,beginner,9,9,10,won,18,1,71,71,18,naive,random
58,beginner,9,9,10,lost,22,1,70,71,24,naive,random
59,beginner,9,9,10,won,14,3,71,71,14,naive,random
60,beginner,9,9,10,won,16,0,71,71,16,naive,random
61,beginner,9,9,10,lost,4,1,68,71,8,naive,random
62,beginner,9,9,10,won,29,0,71,71,29,naive,random
63,beginner,9,9,10,won,17,0,71,71,17,naive,random
64,beginner,9,9,10,won,17,0,71,71,17,naive,random
65,beginner,9,9,10,won,15,0,71,71,15,naive,random
66,beginner,9,9,10,won,13,0,71,71,13,naive,random
67,beginner,9,9,10,won,19,1,71,71,19,naive,random
68,beginner,9,9,10,lost,2,1,22,71,52,naive,random
69,beginner,9,9,10,won,24,0,71,71,24,naive,random
70,beginner,9,9,10,won,24,4,71,71,24,naive,random
71,beginner,9,9,10,won,16,0,71,71,16,naive,random
72,beginner,9,9,10,won,18,0,71,71,18,naive,random
73,beginner,9,9,10,won,10,0,71,71,10,naive,random
74,beginner,9,9,10,won,12,0,71,71,12,naive,random
75,beginner,9,9,10,won,16,0,71,71,16,naive,random
76,beginner,9,9,10,won,8,0,71,71,8,naive,random
77,beginner,9,9,10,won,14,0,71,71,14,naive,random
78,beginner,9,9,10,won,8,0,71,71,8,naive,random
79,beginner,9,9,10,won,9,0,71,71,9,naive,random
80,beginner,9,9,10,won,15,1,71,71,15,naive,random
81,beginner,9,9,10,won,14,0,71,71,14,naive,random
82,beginner,9,9,10,won,10,0,71,71,10,naive,random
83,beginner,9,9,10,won,9,0,71,71,9,naive,random
84,beginner,9,9,10,won,13,0,71,71,13,naive,random
85,beginner,9,9,10,won,18,0,71,71,18,naive,random
86,beginner,9,9,10,won,16,0,71,71,16,naive,random
87,beginner,9,9,10,won,7,1,71,71,7,naive,random
88,beginner,9,9,10,won,18,3,71,71,18,naive,random
89,beginner,9,9,10,won,25,0,71,71,25,naive,random
90,beginner,9,9,10,won,8,0,71,71,8,naive,random
91,beginner,9,9,10,won,22,0,71,71,22,naive,random
92,beginner,9,9,10,won,15,0,71,71,15,naive,random
93,beginner,9,9,10,won,20,0,71,71,20,naive,random
94,beginner,9,9,10,won,19,1,71,71,19,naive,random
95,beginner,9,9,10,won,9,0,71,71,9,naive,random
96,beginner,9,9,10,won,21,0,71,71,21,naive,random
97,beginner,9,9,10,won,22,0,71,71,22,naive,random
98,beginner,9,9,10,won,12,0,71,71,12,naive,random
99,beginner,9,9,10,lost,12,1,52,71,32,naive,random
100,beginner,9,9,10,won,14,0,71,71,14,naive,random
101,beginner,9,9,10,won,28,0,71,71,28,naive,random
102,beginner,9,9,10,won,19,0,71,71,19,naive,random
103,beginner,9,9,10,lost,14,1,57,71,29,naive,random
104,beginner,9,9,10,won,20,0,71,71,20,naive,random
105,beginner,9,9,10,won,15,0,71,71,15,naive,random
106,beginner,9,9,10,won,16,0,71,71,16,naive,random
107,beginner,9,9,10,won,14,0,71,71,14,naive,random
108,beginner,9,9,10,won,18,0,71,71,18,naive,random
109,beginner,9,9,10,won,18,0,71,71,18,naive,random
110,beginner,9,9,10,won,10,0,71,71,10,naive,random
111,beginner,9,9,10,won,24,0,71,71,24,naive,random
112,beginner,9,9,10,won,24,1,71,71,24,naive,random
113,beginner,9,9,10,lost,12,1,67,71,17,naive,random
114,beginner,9,9,10,lost,11,1,64,71,19,naive,random
115,beginner,9,9,10,lost,9,3,61,71,20,naive,random
116,beginner,9,9,10,won,17,0,71,71,17,naive,random
117,beginner,9,9,10,won,12,0,71,71,12,naive,random
118,beginner,9,9,10,won,18,0,71,71,18,naive,random
119,beginner,9,9,10,lost,14,2,51,71,35,naive,random
120,beginner,9,9,10,won,21,0,71,71,21,naive,random
121,beginner,9,9,10,won,16,0,71,71,16,naive,random
122,beginner,9,9,10,won,17,0,71,71,17,naive,random
123,beginner,9,9,10,won,14,0,71,71,14,naive,random
124,beginner,9,9,10,won,17,2,71,71,17,naive,random
125,beginner,9,9,10,won,22,0,71,71,22,naive,random
126,beginner,9,9,10,won,25,0,71,71,25,naive,random
127,beginner,9,9,10,won,31,1,71,71,31,naive,random
128,beginner,9,9,10,won,23,0,71,71,23,naive,random
129,beginner,9,9,10,won,24,6,71,71,24,naive,random
130,beginner,9,9,10,won,19,0,71,71,19,naive,random
131,beginner,9,9,10,won,13,0,71,71,13,naive,random
132,beginner,9,9,10,won,22,0,71,71,22,naive,random
133,beginner,9,9,10,won,13,0,71,71,13,naive,random
134,beginner,9,9,10,won,20,0,71,71,20,naive,random
135,beginner,9,9,10,won,9,0,71,71,9,naive,random
136,beginner,9,9,10,won,12,0,71,71,12,naive,random
137,beginner,9,9,10,won,18,0,71,71,18,naive,random
138,beginner,9,9,10,won,24,0,71,71,24,naive,random
139,beginner,9,9,10,won,24,0,71,71,24,naive,random
140,beginner,9,9,10,won,17,0,71,71,17,naive,random
141,beginner,9,9,10,lost,19,2,58,71,33,naive,random
142,beginner,9,9,10,won,19,0,71,71,19,naive,random
143,beginner,9,9,10,won,23,0,71,71,23,naive,random
144,beginner,9,9,10,won,18,0,71,71,18,naive,random
145,beginner,9,9,10,won,26,0,71,71,26,naive,random
146,beginner,9,9,10,won,10,0,71,71,10,naive,random
147,beginner,9,9,10,won,17,0,71,71,17,naive,random
148,beginner,9,9,10,won,23,1,71,71,23,naive,random
149,beginner,9,9,10,won,7,0,71,71,7,naive,random
150,beginner,9,9,10,won,12,0,71,71,12,naive,random
151,beginner,9,9,10,won,16,0,71,71,16,naive,random
152,beginner,9,9,10,lost,4,3,18,71,58,naive,random
153,beginner,9,9,10,won,20,2,71,71,20,naive,random
154,beginner,9,9,10,lost,8,1,66,71,14,naive,random
155,beginner,9,9,10,won,22,0,71,71,22,naive,random
156,beginner,9,9,10,lost,7,1,69,71,10,naive,random
157,beginner,9,9,10,won,28,6,71,71,28,naive,random
158,beginner,9,9,10,lost,17,1,63,71,26,naive,random
159,beginner,9,9,10,won,17,0,71,71,17,naive,random
160,beginner,9,9,10,won,27,2,71,71,27,naive,random
161,beginner,9,9,10,won,25,1,71,71,25,naive,random
162,beginner,9,9,10,won,14,1,71,71,14,naive,random
163,beginner,9,9,10,won,24,0,71,71,24,naive,random
164,beginner,9,9,10,won,13,0,71,71,13,naive,random
165,beginner,9,9,10,won,16,0,71,71,16,naive,random
166,beginner,9,9,10,won,16,0,71,71,16,naive,random
167,beginner,9,9,10,won,17,0,71,71,17,naive,random
168,beginner,9,9,10,lost,12,1,63,71,21,naive,random
169,beginner,9,9,10,won,29,0,71,71,29,naive,random
170,beginner,9,9,10,lost,8,1,59,71,21,naive,random
171,beginner,9,9,10,lost,8,1,63,71,17,naive,random
172,beginner,9,9,10,won,24,0,71,71,24,naive,random
173,beginner,9,9,10,won,16,0,71,71,16,naive,random
174,beginner,9,9,10,won,20,0,71,71,20,naive,random
175,beginner,9,9,10,won,17,0,71,71,17,naive,random
176,beginner,9,9,10,won,13,0,71,71,13,naive,random
177,beginner,9,9,10,won,20,0,71,71,20,naive,random
178,beginner,9,9,10,won,26,0,71,71,26,naive,random
179,beginner,9,9,10,won,22,0,71,71,22,naive,random
180,beginner,9,9,10,lost,12,2,70,71,14,naive,random
181,beginner,9,9,10,won,13,0,71,71,13,naive,random
182,beginner,9,9,10,lost,4,1,57,71,19,naive,random
183,beginner,9,9,10,won,23,1,71,71,23,naive,random
184,beginner,9,9,10,won,21,1,71,71,21,naive,random
185,beginner,9,9,10,lost,4,1,56,71,20,naive,random
186,beginner,9,9,10,won,12,0,71,71,12,naive,random
187,beginner,9,9,10,won,15,0,71,71,15,naive,random
188,beginner,9,9,10,won,19,0,71,71,19,naive,random
189,beginner,9,9,10,won,17,0,71,71,17,naive,random
190,beginner,9,9,10,won,9,0,71,71,9,naive,random
191,beginner,9,9,10,won,12,0,71,71,12,naive,random
192,beginner,9,9,10,lost,13,2,67,71,18,naive,random
193,beginner,9,9,10,won,21,0,71,71,21,naive,random
194,beginner,9,9,10,won,17,0,71,71,17,naive,random
195,beginner,9,9,10,won,12,0,71,71,12,naive,random
196,beginner,9,9,10,won,16,0,71,71,16,naive,random
197,beginner,9,9,10,lost,22,1,68,71,26,naive,random
198,beginner,9,9,10,won,26,0,71,71,26,naive,random
199,beginner,9,9,10,won,11,0,71,71,11,naive,random
200,beginner,9,9,10,won,12,0,71,71,12,naive,random
201,beginner,9,9,10,won,21,1,71,71,21,naive,random
202,beginner,9,9,10,won,19,0,71,71,19,naive,random
203,beginner,9,9,10,won,19,0,71,71,19,naive,random
204,beginner,9,9,10,won,23,2,71,71,23,naive,random
205,beginner,9,9,10,won,23,0,71,71,23,naive,random
206,beginner,9,9,10,won,13,0,71,71,13,naive,random
207,beginner,9,9,10,won,20,0,71,71,20,naive,random
208,beginner,9,9,10,won,17,0,71,71,17,naive,random
209,beginner,9,9,10,won,13,0,71,71,13,naive,random
210,beginner,9,9,10,won,13,0,71,71,13,naive,random
211,beginner,9,9,10,won,14,0,71,71,14,naive,random
212,beginner,9,9,10,won,13,0,71,71,13,naive,random
213,beginner,9,9,10,won,25,0,71,71,25,naive,random
214,beginner,9,9,10,won,22,0,71,71,22,naive,random
215,beginner,9,9,10,won,15,1,71,71,15,naive,random
216,beginner,9,9,10,won,9,1,71,71,9,naive,random
217,beginner,9,9,10,won,23,2,71,71,23,naive,random
218,beginner,9,9,10,won,27,3,71,71,27,naive,random
219,beginner,9,9,10,won,13,2,71,71,13,naive,random
220,beginner,9,9,10,won,10,2,71,71,10,naive,random
221,beginner,9,9,10,won,18,0,71,71,18,naive,random
222,beginner,9,9,10,won,16,0,71,71,16,naive,random
223,beginner,9,9,10,lost,5,1,39,71,38,naive,random
224,beginner,9,9,10,won,21,0,71,71,21,naive,random
225,beginner,9,9,10,won,11,0,71,71,11,naive,random
226,beginner,9,9,10,won,22,0,71,71,22,naive,random
227,beginner,9,9,10,won,21,1,71,71,21,naive,random
228,beginner,9,9,10,lost,7,2,63,71,16,naive,random
229,beginner,9,9,10,won,28,2,71,71,28,naive,random
230,beginner,9,9,10,won,28,0,71,71,28,naive,random
231,beginner,9,9,10,won,17,0,71,71,17,naive,random
232,beginner,9,9,10,won,19,0,71,71,19,naive,random
233,beginner,9,9,10,won,19,0,71,71,19,naive,random
234,beginner,9,9,10,won,18,0,71,71,18,naive,random
235,beginner,9,9,10,won,17,0,71,71,17,naive,random
236,beginner,9,9,10,won,15,0,71,71,15,naive,random
237,beginner,9,9,10,lost,15,1,71,71,16,naive,random
238,beginner,9,9,10,won,14,0,71,71,14,naive,random
239,beginner,9,9,10,won,15,0,71,71,15,naive,random
240,beginner,9,9,10,won,20,0,71,71,20,naive,random
241,beginner,9,9,10,won,15,2,71,71,15,naive,random
242,beginner,9,9,10,won,22,0,71,71,22,naive,random
243,beginner,9,9,10,won,17,0,71,71,17,naive,random
244,beginner,9,9,10,won,19,0,71,71,19,naive,random
245,beginner,9,9,10,won,19,2,71,71,19,naive,random
246,beginner,9,9,10,won,20,0,71,71,20,naive,random
247,beginner,9,9,10,won,20,0,71,71,20,naive,random
248,beginner,9,9,10,lost,9,1,68,71,13,naive,random
249,beginner,9,9,10,lost,9,1,66,71,15,naive,random
250,beginner,9,9,10,lost,26,1,69,71,29,naive,random
251,beginner,9,9,10,lost,11,1,70,71,13,naive,random
252,beginner,9,9,10,won,12,0,71,71,12,naive,random
253,beginner,9,9,10,won,11,0,71,71,11,naive,random
254,beginner,9,9,10,won,22,0,71,71,22,naive,random
255,beginner,9,9,10,won,23,0,71,71,23,naive,random
256,beginner,9,9,10,won,17,0,71,71,17,naive,random
257,beginner,9,9,10,won,10,0,71,71,10,naive,random
258,beginner,9,9,10,won,14,0,71,71,14,naive,random
259,beginner,9,9,10,won,27,1,71,71,27,naive,random
260,beginner,9,9,10,won,13,0,71,71,13,naive,random
261,beginner,9,9,10,won,14,1,71,71,14,naive,random
262,beginner,9,9,10,won,12,0,71,71,12,naive,random
263,beginner,9,9,10,won,18,0,71,71,18,naive,random
264,beginner,9,9,10,won,20,1,71,71,20,naive,random
265,beginner,9,9,10,won,23,1,71,71,23,naive,random
266,beginner,9,9,10,won,18,0,71,71,18,naive,random
267,beginner,9,9,10,won,15,0,71,71,15,naive,random
268,beginner,9,9,10,won,18,0,71,71,18,naive,random
269,beginner,9,9,10,won,12,0,71,71,12,naive,random
270,beginner,9,9,10,won,21,0,71,71,21,naive,random
271,beginner,9,9,10,won,17,0,71,71,17,naive,random
272,beginner,9,9,10,lost,24,2,65,71,31,naive,random
273,beginner,9,9,10,lost,9,1,64,71,17,naive,random
274,beginner,9,9,10,won,7,0,71,71,7,naive,random
275,beginner,9,9,10,won,26,0,71,71,26,naive,random
276,beginner,9,9,10,won,14,0,71,71,14,naive,random
277,beginner,9,9,10,won,20,0,71,71,20,naive,random
278,beginner,9,9,10,won,23,0,71,71,23,naive,random
279,beginner,9,9,10,won,23,0,71,71,23,naive,random
280,beginner,9,9,10,won,13,1,71,71,13,naive,random
281,beginner,9,9,10,lost,7,1,67,71,12,naive,random
282,beginner,9,9,10,won,11,0,71,71,11,naive,random
283,beginner,9,9,10,won,18,0,71,71,18,naive,random
284,beginner,9,9,10,won,9,0,71,71,9,naive,random
285,beginner,9,9,10,lost,15,1,67,71,20,naive,random
286,beginner,9,9,10,won,18,0,71,71,18,naive,random
287,beginner,9,9,10,won,12,0,71,71,12,naive,random
288,beginner,9,9,10,lost,8,1,67,71,13,naive,random
289,beginner,9,9,10,won,16,0,71,71,16,naive,random
290,beginner,9,9,10,won,17,0,71,71,17,naive,random
291,beginner,9,9,10,won,14,0,71,71,14,naive,random
292,beginner,9,9,10,won,22,1,71,71,22,naive,random
293,beginner,9,9,10,won,13,0,71,71,13,naive,random
294,beginner,9,9,10,won,17,0,71,71,17,naive,random
295,beginner,9,9,10,won,7,0,71,71,7,naive,random
296,beginner,9,9,10,won,21,0,71,71,21,naive,random
297,beginner,9,9,10,won,11,0,71,71,11,naive,random
298,beginner,9,9,10,won,14,0,71,71,14,naive,random
299,beginner,9,9,10,won,21,0,71,71,21,naive,random
300,beginner,9,9,10,won,9,0,71,71,9,naive,random
301,intermediate,16,16,40,won,77,1,216,216,77,naive,random
302,intermediate,16,16,40,won,100,1,216,216,100,naive,random
303,intermediate,16,16,40,lost,61,1,215,216,63,naive,random
304,intermediate,16,16,40,lost,42,1,179,216,80,naive,random
305,intermediate,16,16,40,won,78,0,216,216,78,naive,random
306,intermediate,16,16,40,lost,4,3,15,216,206,naive,random
307,intermediate,16,16,40,won,72,1,216,216,72,naive,random
308,intermediate,16,16,40,won,77,5,216,216,77,naive,random
309,intermediate,16,16,40,lost,5,4,30,216,192,naive,random
310,intermediate,16,16,40,lost,3,2,17,216,203,naive,random
311,intermediate,16,16,40,lost,70,4,213,216,74,naive,random
312,intermediate,16,16,40,lost,36,1,138,216,115,naive,random
313,intermediate,16,16,40,lost,114,2,216,216,115,naive,random
314,intermediate,16,16,40,won,76,0,216,216,76,naive,random
315,intermediate,16,16,40,won,69,3,216,216,69,naive,random
316,intermediate,16,16,40,won,89,1,216,216,89,naive,random
317,intermediate,16,16,40,lost,95,1,216,216,96,naive,random
318,intermediate,16,16,40,lost,26,1,100,216,143,naive,random
319,intermediate,16,16,40,won,75,0,216,216,75,naive,random
320,intermediate,16,16,40,lost,97,9,213,216,101,naive,random
321,intermediate,16,16,40,lost,83,4,214,216,86,naive,random
322,intermediate,16,16,40,lost,59,1,215,216,61,naive,random
323,intermediate,16,16,40,lost,69,2,205,216,81,naive,random
324,intermediate,16,16,40,lost,3,1,24,216,196,naive,random
325,intermediate,16,16,40,won,79,2,216,216,79,naive,random
326,intermediate,16,16,40,won,74,0,216,216,74,naive,random
327,intermediate,16,16,40,won,71,0,216,216,71,naive,random
328,intermediate,16,16,40,won,84,0,216,216,84,naive,random
329,intermediate,16,16,40,won,84,0,216,216,84,naive,random
330,intermediate,16,16,40,won,66,3,216,216,66,naive,random
331,intermediate,16,16,40,won,91,2,216,216,91,naive,random
332,intermediate,16,16,40,won,86,5,216,216,86,naive,random
333,intermediate,16,16,40,won,88,0,216,216,88,naive,random
334,intermediate,16,16,40,lost,109,2,214,216,112,naive,random
335,intermediate,16,16,40,won,63,1,216,216,63,naive,random
336,intermediate,16,16,40,won,78,0,216,216,78,naive,random
337,intermediate,16,16,40,won,78,3,216,216,78,naive,random
338,intermediate,16,16,40,won,73,0,216,216,73,naive,random
339,intermediate,16,16,40,lost,90,6,216,216,91,naive,random
340,intermediate,16,16,40,won,67,1,216,216,67,naive,random
341,intermediate,16,16,40,lost,61,1,207,216,71,naive,random
342,intermediate,16,16,40,won,65,2,216,216,65,naive,random
343,intermediate,16,16,40,won,67,2,216,216,67,naive,random
344,intermediate,16,16,40,won,83,0,216,216,83,naive,random
345,intermediate,16,16,40,won,83,1,216,216,83,naive,random
346,intermediate,16,16,40,lost,66,4,212,216,71,naive,random
347,intermediate,16,16,40,lost,54,3,208,216,63,naive,random
348,intermediate,16,16,40,won,55,0,216,216,55,naive,random
349,intermediate,16,16,40,won,67,1,216,216,67,naive,random
350,intermediate,16,16,40,won,66,5,216,216,66,naive,random
351,intermediate,16,16,40,lost,63,2,205,216,75,naive,random
352,intermediate,16,16,40,lost,66,2,215,216,68,naive,random
353,intermediate,16,16,40,lost,64,1,200,216,81,naive,random
354,intermediate,16,16,40,won,70,4,216,216,70,naive,random
355,intermediate,16,16,40,lost,73,1,215,216,75,naive,random
356,intermediate,16,16,40,lost,52,1,207,216,62,naive,random
357,intermediate,16,16,40,lost,61,1,199,216,79,naive,random
358,intermediate,16,16,40,won,85,3,216,216,85,naive,random
359,intermediate,16,16,40,won,83,0,216,216,83,naive,random
360,intermediate,16,16,40,lost,75,3,202,216,90,naive,random
361,intermediate,16,16,40,lost,55,1,152,216,120,naive,random
362,intermediate,16,16,40,won,64,1,216,216,64,naive,random
363,intermediate,16,16,40,lost,74,1,215,216,76,naive,random
364,intermediate,16,16,40,lost,2,1,16,216,203,naive,random
365,intermediate,16,16,40,lost,77,3,207,216,87,naive,random
366,intermediate,16,16,40,lost,80,2,216,216,81,naive,random
367,intermediate,16,16,40,lost,65,2,191,216,91,naive,random
368,intermediate,16,16,40,won,70,1,216,216,70,naive,random
369,intermediate,16,16,40,lost,77,10,213,216,81,naive,random
370,intermediate,16,16,40,lost,57,1,181,216,93,naive,random
371,intermediate,16,16,40,lost,61,4,188,216,90,naive,random
372,intermediate,16,16,40,won,87,0,216,216,87,naive,random
373,intermediate,16,16,40,lost,6,4,41,216,182,naive,random
374,intermediate,16,16,40,won,77,2,216,216,77,naive,random
375,intermediate,16,16,40,won,103,0,216,216,103,naive,random
376,intermediate,16,16,40,won,71,0,216,216,71,naive,random
377,intermediate,16,16,40,won,66,1,216,216,66,naive,random
378,intermediate,16,16,40,lost,66,1,211,216,72,naive,random
379,intermediate,16,16,40,won,74,1,216,216,74,naive,random
380,intermediate,16,16,40,lost,75,2,201,216,91,naive,random
381,intermediate,16,16,40,lost,7,5,29,216,195,naive,random
382,intermediate,16,16,40,lost,50,4,201,216,66,naive,random
383,intermediate,16,16,40,won,81,3,216,216,81,naive,random
384,intermediate,16,16,40,won,89,0,216,216,89,naive,random
385,intermediate,16,16,40,lost,41,3,215,216,43,naive,random
386,intermediate,16,16,40,lost,68,2,211,216,74,naive,random
387,intermediate,16,16,40,lost,70,1,205,216,82,naive,random
388,intermediate,16,16,40,lost,83,5,175,216,125,naive,random
389,intermediate,16,16,40,won,76,0,216,216,76,naive,random
390,intermediate,16,16,40,lost,77,2,213,216,81,naive,random
391,intermediate,16,16,40,lost,73,2,215,216,75,naive,random
392,intermediate,16,16,40,won,76,3,216,216,76,naive,random
393,intermediate,16,16,40,won,88,0,216,216,88,naive,random
394,intermediate,16,16,40,won,63,4,216,216,63,naive,random
395,intermediate,16,16,40,won,70,0,216,216,70,naive,random
396,intermediate,16,16,40,lost,69,10,191,216,95,naive,random
397,intermediate,16,16,40,lost,77,3,208,216,86,naive,random
398,intermediate,16,16,40,won,67,1,216,216,67,naive,random
399,intermediate,16,16,40,won,86,1,216,216,86,naive,random
400,intermediate,16,16,40,won,95,0,216,216,95,naive,random
401,intermediate,16,16,40,won,91,0,216,216,91,naive,random
402,intermediate,16,16,40,lost,49,3,212,216,54,naive,random
403,intermediate,16,16,40,won,64,1,216,216,64,naive,random
404,intermediate,16,16,40,won,66,0,216,216,66,naive,random
405,intermediate,16,16,40,won,87,0,216,216,87,naive,random
406,intermediate,16,16,40,won,73,0,216,216,73,naive,random
407,intermediate,16,16,40,lost,50,1,190,216,77,naive,random
408,intermediate,16,16,40,lost,77,2,210,216,84,naive,random
409,intermediate,16,16,40,won,102,1,216,216,102,naive,random
410,intermediate,16,16,40,won,86,0,216,216,86,naive,random
411,intermediate,16,16,40,won,55,0,216,216,55,naive,random
412,intermediate,16,16,40,lost,79,5,216,216,80,naive,random
413,intermediate,16,16,40,won,77,1,216,216,77,naive,random
414,intermediate,16,16,40,won,76,2,216,216,76,naive,random
415,intermediate,16,16,40,won,72,0,216,216,72,naive,random
416,intermediate,16,16,40,lost,2,1,13,216,206,naive,random
417,intermediate,16,16,40,lost,4,3,18,216,203,naive,random
418,intermediate,16,16,40,won,102,1,216,216,102,naive,random
419,intermediate,16,16,40,won,94,0,216,216,94,naive,random
420,intermediate,16,16,40,lost,62,1,213,216,66,naive,random
421,intermediate,16,16,40,lost,68,2,205,216,80,naive,random
422,intermediate,16,16,40,lost,60,1,191,216,86,naive,random
423,intermediate,16,16,40,won,110,0,216,216,110,naive,random
424,intermediate,16,16,40,lost,74,2,201,216,90,naive,random
425,intermediate,16,16,40,lost,53,1,182,216,88,naive,random
426,intermediate,16,16,40,lost,41,9,183,216,75,naive,random
427,intermediate,16,16,40,lost,70,3,215,216,72,naive,random
428,intermediate,16,16,40,lost,64,4,197,216,84,naive,random
429,intermediate,16,16,40,won,85,0,216,216,85,naive,random
430,intermediate,16,16,40,won,85,0,216,216,85,naive,random
431,intermediate,16,16,40,won,72,1,216,216,72,naive,random
432,intermediate,16,16,40,won,78,0,216,216,78,naive,random
433,intermediate,16,16,40,won,76,0,216,216,76,naive,random
434,intermediate,16,16,40,lost,57,1,182,216,92,naive,random
435,intermediate,16,16,40,won,83,2,216,216,83,naive,random
436,intermediate,16,16,40,lost,68,1,212,216,73,naive,random
437,intermediate,16,16,40,lost,60,1,209,216,68,naive,random
438,intermediate,16,16,40,won,84,0,216,216,84,naive,random
439,intermediate,16,16,40,won,89,0,216,216,89,naive,random
440,intermediate,16,16,40,lost,83,7,210,216,90,naive,random
441,intermediate,16,16,40,won,91,0,216,216,91,naive,random
442,intermediate,16,16,40,won,94,6,216,216,94,naive,random
443,intermediate,16,16,40,won,79,4,216,216,79,naive,random
444,intermediate,16,16,40,lost,69,3,202,216,84,naive,random
445,intermediate,16,16,40,lost,69,3,213,216,73,naive,random
446,intermediate,16,16,40,won,104,3,216,216,104,naive,random
447,intermediate,16,16,40,lost,47,1,145,216,119,naive,random
448,intermediate,16,16,40,lost,75,5,213,216,79,naive,random
449,intermediate,16,16,40,won,81,1,216,216,81,naive,random
450,intermediate,16,16,40,lost,13,1,79,216,151,naive,random
451,intermediate,16,16,40,won,71,0,216,216,71,naive,random
452,intermediate,16,16,40,lost,72,1,202,216,87,naive,random
453,intermediate,16,16,40,won,79,0,216,216,79,naive,random
454,intermediate,16,16,40,won,64,0,216,216,64,naive,random
455,intermediate,16,16,40,lost,76,1,212,216,81,naive,random
456,intermediate,16,16,40,won,90,0,216,216,90,naive,random
457,intermediate,16,16,40,won,78,0,216,216,78,naive,random
458,intermediate,16,16,40,lost,59,6,209,216,67,naive,random
459,intermediate,16,16,40,lost,53,3,197,216,73,naive,random
460,intermediate,16,16,40,lost,61,4,186,216,92,naive,random
461,intermediate,16,16,40,won,53,1,216,216,53,naive,random
462,intermediate,16,16,40,won,91,2,216,216,91,naive,random
463,intermediate,16,16,40,won,104,0,216,216,104,naive,random
464,intermediate,16,16,40,lost,71,1,206,216,82,naive,random
465,intermediate,16,16,40,won,88,2,216,216,88,naive,random
466,intermediate,16,16,40,won,57,1,216,216,57,naive,random
467,intermediate,16,16,40,lost,74,1,206,216,85,naive,random
468,intermediate,16,16,40,won,78,1,216,216,78,naive,random
469,intermediate,16,16,40,lost,76,1,216,216,77,naive,random
470,intermediate,16,16,40,won,81,0,216,216,81,naive,random
471,intermediate,16,16,40,won,80,5,216,216,80,naive,random
472,intermediate,16,16,40,lost,69,1,212,216,74,naive,random
473,intermediate,16,16,40,won,107,4,216,216,107,naive,random
474,intermediate,16,16,40,won,82,2,216,216,82,naive,random
475,intermediate,16,16,40,won,83,0,216,216,83,naive,random
476,intermediate,16,16,40,lost,47,2,197,216,67,naive,random
477,intermediate,16,16,40,lost,33,2,141,216,109,naive,random
478,intermediate,16,16,40,won,78,0,216,216,78,naive,random
479,intermediate,16,16,40,won,84,1,216,216,84,naive,random
480,intermediate,16,16,40,won,91,0,216,216,91,naive,random
481,intermediate,16,16,40,won,70,1,216,216,70,naive,random
482,intermediate,16,16,40,lost,3,2,14,216,206,naive,random
483,intermediate,16,16,40,won,105,2,216,216,105,naive,random
484,intermediate,16,16,40,won,85,4,216,216,85,naive,random
485,intermediate,16,16,40,won,74,0,216,216,74,naive,random
486,intermediate,16,16,40,lost,61,2,201,216,77,naive,random
487,intermediate,16,16,40,lost,49,1,211,216,55,naive,random
488,intermediate,16,16,40,lost,41,1,112,216,146,naive,random
489,intermediate,16,16,40,lost,2,1,16,216,203,naive,random
490,intermediate,16,16,40,lost,53,1,197,216,73,naive,random
491,intermediate,16,16,40,won,78,0,216,216,78,naive,random
492,intermediate,16,16,40,lost,88,7,210,216,95,naive,random
493,intermediate,16,16,40,lost,60,1,183,216,94,naive,random
494,intermediate,16,16,40,lost,48,1,199,216,66,naive,random
495,intermediate,16,16,40,won,97,7,216,216,97,naive,random
496,intermediate,16,16,40,lost,73,3,210,216,80,naive,random
497,intermediate,16,16,40,won,88,0,216,216,88,naive,random
498,intermediate,16,16,40,lost,66,4,209,216,74,naive,random
499,intermediate,16,16,40,lost,4,3,20,216,201,naive,random
500,intermediate,16,16,40,lost,61,4,205,216,73,naive,random
501,intermediate,16,16,40,lost,66,4,195,216,88,naive,random
502,intermediate,16,16,40,won,73,4,216,216,73,naive,random
503,intermediate,16,16,40,won,83,3,216,216,83,naive,random
504,intermediate,16,16,40,won,79,0,216,216,79,naive,random
505,intermediate,16,16,40,lost,56,1,216,216,57,naive,random
506,intermediate,16,16,40,lost,83,1,202,216,98,naive,random
507,intermediate,16,16,40,lost,77,2,156,216,138,naive,random
508,intermediate,16,16,40,won,74,3,216,216,74,naive,random
509,intermediate,16,16,40,won,96,2,216,216,96,naive,random
510,intermediate,16,16,40,won,80,0,216,216,80,naive,random
511,intermediate,16,16,40,lost,96,6,207,216,106,naive,random
512,intermediate,16,16,40,lost,99,1,201,216,115,naive,random
513,intermediate,16,16,40,lost,69,1,211,216,75,naive,random
514,intermediate,16,16,40,lost,4,3,21,216,200,naive,random
515,intermediate,16,16,40,lost,88,2,215,216,90,naive,random
516,intermediate,16,16,40,lost,76,2,207,216,86,naive,random
517,intermediate,16,16,40,won,62,0,216,216,62,naive,random
518,intermediate,16,16,40,won,60,1,216,216,60,naive,random
519,intermediate,16,16,40,won,88,0,216,216,88,naive,random
520,intermediate,16,16,40,lost,2,1,21,216,198,naive,random
521,intermediate,16,16,40,won,78,1,216,216,78,naive,random
522,intermediate,16,16,40,lost,62,1,212,216,67,naive,random
523,intermediate,16,16,40,won,65,0,216,216,65,naive,random
524,intermediate,16,16,40,lost,59,2,214,216,62,naive,random
525,intermediate,16,16,40,won,58,0,216,216,58,naive,random
526,intermediate,16,16,40,lost,54,1,162,216,109,naive,random
527,intermediate,16,16,40,won,81,0,216,216,81,naive,random
528,intermediate,16,16,40,won,90,2,216,216,90,naive,random
529,intermediate,16,16,40,lost,58,1,193,216,82,naive,random
530,intermediate,16,16,40,won,67,0,216,216,67,naive,random
531,intermediate,16,16,40,won,88,4,216,216,88,naive,random
532,intermediate,16,16,40,lost,53,2,147,216,123,naive,random
533,intermediate,16,16,40,lost,69,1,201,216,85,naive,random
534,intermediate,16,16,40,won,96,2,216,216,96,naive,random
535,intermediate,16,16,40,lost,94,1,211,216,100,naive,random
536,intermediate,16,16,40,lost,46,2,163,216,100,naive,random
537,intermediate,16,16,40,won,82,4,216,216,82,naive,random
538,intermediate,16,16,40,lost,39,3,183,216,73,naive,random
539,intermediate,16,16,40,won,57,2,216,216,57,naive,random
540,intermediate,16,16,40,won,84,5,216,216,84,naive,random
541,intermediate,16,16,40,lost,52,1,208,216,61,naive,random
542,intermediate,16,16,40,won,70,0,216,216,70,naive,random
543,intermediate,16,16,40,lost,3,2,11,216,209,naive,random
544,intermediate,16,16,40,lost,47,1,196,216,68,naive,random
545,intermediate,16,16,40,lost,75,1,216,216,76,naive,random
546,intermediate,16,16,40,lost,60,1,205,216,72,naive,random
547,intermediate,16,16,40,won,78,4,216,216,78,naive,random
548,intermediate,16,16,40,lost,48,1,146,216,119,naive,random
549,intermediate,16,16,40,lost,74,2,208,216,83,naive,random
550,intermediate,16,16,40,won,72,2,216,216,72,naive,random
551,intermediate,16,16,40,won,107,1,216,216,107,naive,random
552,intermediate,16,16,40,lost,76,1,190,216,103,naive,random
553,intermediate,16,16,40,lost,54,1,216,216,55,naive,random
554,intermediate,16,16,40,won,64,0,216,216,64,naive,random
555,intermediate,16,16,40,won,60,0,216,216,60,naive,random
556,intermediate,16,16,40,lost,66,5,201,216,82,naive,random
557,intermediate,16,16,40,lost,80,1,212,216,85,naive,random
558,intermediate,16,16,40,won,105,1,216,216,105,naive,random
559,intermediate,16,16,40,lost,54,3,144,216,127,naive,random
560,intermediate,16,16,40,won,87,1,216,216,87,naive,random
561,intermediate,16,16,40,lost,3,1,20,216,200,naive,random
562,intermediate,16,16,40,lost,84,5,206,216,95,naive,random
563,intermediate,16,16,40,lost,78,2,204,216,91,naive,random
564,intermediate,16,16,40,lost,75,1,196,216,96,naive,random
565,intermediate,16,16,40,won,63,0,216,216,63,naive,random
566,intermediate,16,16,40,won,90,0,216,216,90,naive,random
567,intermediate,16,16,40,lost,69,1,203,216,83,naive,random
568,intermediate,16,16,40,lost,62,1,210,216,69,naive,random
569,intermediate,16,16,40,won,65,2,216,216,65,naive,random
570,intermediate,16,16,40,won,63,0,216,216,63,naive,random
571,intermediate,16,16,40,lost,91,3,210,216,98,naive,random
572,intermediate,16,16,40,won,75,3,216,216,75,naive,random
573,intermediate,16,16,40,won,81,0,216,216,81,naive,random
574,intermediate,16,16,40,lost,3,2,11,216,209,naive,random
575,intermediate,16,16,40,won,73,1,216,216,73,naive,random
576,intermediate,16,16,40,won,76,0,216,216,76,naive,random
577,intermediate,16,16,40,lost,89,1,198,216,108,naive,random
578,intermediate,16,16,40,won,80,0,216,216,80,naive,random
579,intermediate,16,16,40,lost,64,3,204,216,77,naive,random
580,intermediate,16,16,40,won,73,3,216,216,73,naive,random
581,intermediate,16,16,40,won,72,5,216,216,72,naive,random
582,intermediate,16,16,40,lost,47,3,170,216,94,naive,random
583,intermediate,16,16,40,won,80,3,216,216,80,naive,random
584,intermediate,16,16,40,lost,40,1,143,216,114,naive,random
585,intermediate,16,16,40,won,78,0,216,216,78,naive,random
586,intermediate,16,16,40,lost,31,1,184,216,64,naive,random
587,intermediate,16,16,40,lost,79,1,208,216,88,naive,random
588,intermediate,16,16,40,won,70,0,216,216,70,naive,random
589,intermediate,16,16,40,lost,38,3,159,216,96,naive,random
590,intermediate,16,16,40,won,92,2,216,216,92,naive,random
591,intermediate,16,16,40,lost,69,1,203,216,83,naive,random
592,intermediate,16,16,40,lost,68,5,213,216,72,naive,random
593,intermediate,16,16,40,won,56,0,216,216,56,naive,random
594,intermediate,16,16,40,lost,81,1,216,216,82,naive,random
595,intermediate,16,16,40,lost,69,1,216,216,70,naive,random
596,intermediate,16,16,40,won,68,1,216,216,68,naive,random
597,intermediate,16,16,40,lost,56,1,213,216,60,naive,random
598,intermediate,16,16,40,won,62,1,216,216,62,naive,random
599,intermediate,16,16,40,lost,66,3,189,216,94,naive,random
600,intermediate,16,16,40,lost,2,1,17,216,202,naive,random
601,expert,30,16,99,lost,91,5,243,381,230,naive,random
602,expert,30,16,99,lost,89,4,223,381,248,naive,random
603,expert,30,16,99,lost,90,4,200,381,272,naive,random
604,expert,30,16,99,lost,47,1,156,381,273,naive,random
605,expert,30,16,99,lost,3,1,14,381,371,naive,random
606,expert,30,16,99,lost,84,19,181,381,285,naive,random
607,expert,30,16,99,lost,165,2,318,381,229,naive,random
608,expert,30,16,99,lost,193,9,372,381,203,naive,random
609,expert,30,16,99,lost,4,3,19,381,367,naive,random
610,expert,30,16,99,lost,11,10,40,381,353,naive,random
611,expert,30,16,99,lost,73,3,261,381,194,naive,random
612,expert,30,16,99,lost,155,3,336,381,201,naive,random
613,expert,30,16,99,lost,2,1,25,381,359,naive,random
614,expert,30,16,99,lost,87,2,225,381,244,naive,random
615,expert,30,16,99,lost,41,2,65,381,358,naive,random
616,expert,30,16,99,lost,114,7,292,381,204,naive,random
617,expert,30,16,99,lost,135,17,316,381,201,naive,random
618,expert,30,16,99,lost,2,1,13,381,371,naive,random
619,expert,30,16,99,lost,96,1,230,381,248,naive,random
620,expert,30,16,99,lost,6,3,23,381,365,naive,random
621,expert,30,16,99,lost,185,3,298,381,269,naive,random
622,expert,30,16,99,lost,111,6,246,381,247,naive,random
623,expert,30,16,99,lost,82,2,241,381,223,naive,random
624,expert,30,16,99,lost,73,5,205,381,250,naive,random
625,expert,30,16,99,lost,124,8,300,381,206,naive,random
626,expert,30,16,99,lost,96,1,214,381,264,naive,random
627,expert,30,16,99,lost,138,7,280,381,240,naive,random
628,expert,30,16,99,lost,7,6,21,381,368,naive,random
629,expert,30,16,99,lost,50,2,133,381,299,naive,random
630,expert,30,16,99,lost,100,1,271,381,211,naive,random
631,expert,30,16,99,lost,143,9,272,381,253,naive,random
632,expert,30,16,99,lost,181,5,350,381,213,naive,random
633,expert,30,16,99,lost,115,4,309,381,188,naive,random
634,expert,30,16,99,lost,3,2,18,381,367,naive,random
635,expert,30,16,99,lost,143,8,242,381,283,naive,random
636,expert,30,16,99,lost,173,2,352,381,203,naive,random
637,expert,30,16,99,lost,2,1,29,381,355,naive,random
638,expert,30,16,99,lost,89,1,201,381,270,naive,random
639,expert,30,16,99,lost,33,8,120,381,295,naive,random
640,expert,30,16,99,lost,182,10,363,381,201,naive,random
641,expert,30,16,99,lost,143,4,284,381,241,naive,random
642,expert,30,16,99,lost,6,2,56,381,332,naive,random
643,expert,30,16,99,lost,158,1,344,381,196,naive,random
644,expert,30,16,99,lost,77,3,157,381,302,naive,random
645,expert,30,16,99,won,188,8,381,381,188,naive,random
646,expert,30,16,99,lost,137,1,259,381,260,naive,random
647,expert,30,16,99,lost,49,14,158,381,273,naive,random
648,expert,30,16,99,lost,121,1,291,381,212,naive,random
649,expert,30,16,99,lost,203,1,373,381,212,naive,random
650,expert,30,16,99,lost,145,2,284,381,243,naive,random
651,expert,30,16,99,lost,124,1,289,381,217,naive,random
652,expert,30,16,99,lost,22,1,42,381,362,naive,random
653,expert,30,16,99,lost,7,5,28,381,361,naive,random
654,expert,30,16,99,lost,137,2,254,381,265,naive,random
655,expert,30,16,99,lost,74,3,173,381,283,naive,random
656,expert,30,16,99,lost,149,1,330,381,201,naive,random
657,expert,30,16,99,lost,6,5,25,381,363,naive,random
658,expert,30,16,99,lost,105,11,205,381,282,naive,random
659,expert,30,16,99,lost,130,5,279,381,233,naive,random
660,expert,30,16,99,lost,55,3,180,381,257,naive,random
661,expert,30,16,99,lost,118,1,288,381,212,naive,random
662,expert,30,16,99,lost,2,1,13,381,371,naive,random
663,expert,30,16,99,lost,150,1,293,381,239,naive,random
664,expert,30,16,99,lost,71,2,239,381,214,naive,random
665,expert,30,16,99,lost,103,8,269,381,216,naive,random
666,expert,30,16,99,lost,3,1,20,381,365,naive,random
667,expert,30,16,99,lost,84,3,236,381,230,naive,random
668,expert,30,16,99,lost,99,1,207,381,274,naive,random
669,expert,30,16,99,lost,143,1,351,381,174,naive,random
670,expert,30,16,99,lost,175,2,362,381,195,naive,random
671,expert,30,16,99,lost,120,4,264,381,238,naive,random
672,expert,30,16,99,lost,100,1,260,381,222,naive,random
673,expert,30,16,99,lost,42,2,105,381,319,naive,random
674,expert,30,16,99,lost,159,2,309,381,232,naive,random
675,expert,30,16,99,lost,106,4,214,381,274,naive,random
676,expert,30,16,99,lost,114,9,260,381,236,naive,random
677,expert,30,16,99,lost,149,2,346,381,185,naive,random
678,expert,30,16,99,lost,3,2,14,381,371,naive,random
679,expert,30,16,99,lost,37,2,105,381,314,naive,random
680,expert,30,16,99,lost,120,7,261,381,241,naive,random
681,expert,30,16,99,lost,86,1,168,381,300,naive,random
682,expert,30,16,99,lost,138,6,247,381,273,naive,random
683,expert,30,16,99,lost,74,5,177,381,279,naive,random
684,expert,30,16,99,lost,105,4,192,381,295,naive,random
685,expert,30,16,99,lost,39,7,107,381,314,naive,random
686,expert,30,16,99,lost,83,5,178,381,287,naive,random
687,expert,30,16,99,lost,116,3,221,381,277,naive,random
688,expert,30,16,99,lost,2,1,13,381,371,naive,random
689,expert,30,16,99,lost,201,1,365,381,218,naive,random
690,expert,30,16,99,lost,158,9,337,381,203,naive,random
691,expert,30,16,99,lost,105,6,246,381,241,naive,random
692,expert,30,16,99,lost,71,6,131,381,322,naive,random
693,expert,30,16,99,lost,86,2,205,381,263,naive,random
694,expert,30,16,99,lost,144,2,306,381,220,naive,random
695,expert,30,16,99,lost,96,1,239,381,239,naive,random
696,expert,30,16,99,lost,103,3,254,381,231,naive,random
697,expert,30,16,99,lost,63,12,227,381,218,naive,random
698,expert,30,16,99,lost,70,2,166,381,286,naive,random
699,expert,30,16,99,lost,38,5,115,381,305,naive,random
700,expert,30,16,99,lost,20,6,109,381,293,naive,random
701,expert,30,16,99,lost,119,7,271,381,230,naive,random
702,expert,30,16,99,lost,20,7,91,381,311,naive,random
703,expert,30,16,99,lost,111,1,292,381,201,naive,random
704,expert,30,16,99,lost,149,2,277,381,254,naive,random
705,expert,30,16,99,lost,44,1,73,381,353,naive,random
706,expert,30,16,99,lost,69,3,136,381,315,naive,random
707,expert,30,16,99,lost,15,14,37,381,360,naive,random
708,expert,30,16,99,lost,138,3,319,381,201,naive,random
709,expert,30,16,99,lost,109,1,241,381,250,naive,random
710,expert,30,16,99,lost,182,8,335,381,229,naive,random
711,expert,30,16,99,lost,155,9,333,381,204,naive,random
712,expert,30,16,99,lost,139,2,329,381,192,naive,random
713,expert,30,16,99,lost,126,3,310,381,198,naive,random
714,expert,30,16,99,lost,94,4,210,381,266,naive,random
715,expert,30,16,99,lost,83,4,228,381,237,naive,random
716,expert,30,16,99,lost,40,11,86,381,336,naive,random
717,expert,30,16,99,lost,3,2,11,381,374,naive,random
718,expert,30,16,99,lost,61,8,169,381,274,naive,random
719,expert,30,16,99,lost,169,8,346,381,205,naive,random
720,expert,30,16,99,lost,111,7,245,381,248,naive,random
721,expert,30,16,99,lost,5,4,13,381,374,naive,random
722,expert,30,16,99,lost,6,5,17,381,371,naive,random
723,expert,30,16,99,lost,99,2,271,381,210,naive,random
724,expert,30,16,99,lost,2,1,13,381,371,naive,random
725,expert,30,16,99,lost,2,1,19,381,365,naive,random
726,expert,30,16,99,lost,172,2,323,381,231,naive,random
727,expert,30,16,99,lost,84,12,167,381,299,naive,random
728,expert,30,16,99,lost,4,3,12,381,374,naive,random
729,expert,30,16,99,lost,128,5,278,381,232,naive,random
730,expert,30,16,99,lost,101,1,227,381,256,naive,random
731,expert,30,16,99,lost,15,8,68,381,329,naive,random
732,expert,30,16,99,lost,149,1,367,381,164,naive,random
733,expert,30,16,99,lost,89,2,207,381,264,naive,random
734,expert,30,16,99,lost,6,5,17,381,371,naive,random
735,expert,30,16,99,lost,80,2,145,381,317,naive,random
736,expert,30,16,99,lost,79,1,243,381,218,naive,random
737,expert,30,16,99,lost,109,1,273,381,218,naive,random
738,expert,30,16,99,lost,101,2,233,381,250,naive,random
739,expert,30,16,99,lost,33,1,70,381,345,naive,random
740,expert,30,16,99,lost,82,3,169,381,295,naive,random
741,expert,30,16,99,lost,170,7,335,381,217,naive,random
742,expert,30,16,99,lost,3,2,14,381,371,naive,random
743,expert,30,16,99,lost,37,8,91,381,328,naive,random
744,expert,30,16,99,lost,11,10,19,381,374,naive,random
745,expert,30,16,99,lost,185,3,342,381,225,naive,random
746,expert,30,16,99,lost,136,9,320,381,198,naive,random
747,expert,30,16,99,lost,195,1,360,381,217,naive,random
748,expert,30,16,99,lost,15,4,90,381,307,naive,random
749,expert,30,16,99,lost,160,3,349,381,193,naive,random
750,expert,30,16,99,lost,8,1,30,381,360,naive,random
751,expert,30,16,99,lost,160,1,289,381,253,naive,random
752,expert,30,16,99,lost,107,1,243,381,246,naive,random
753,expert,30,16,99,lost,27,2,53,381,356,naive,random
754,expert,30,16,99,lost,96,2,173,381,305,naive,random
755,expert,30,16,99,lost,9,3,36,381,355,naive,random
756,expert,30,16,99,lost,2,1,10,381,374,naive,random
757,expert,30,16,99,lost,129,4,260,381,251,naive,random
758,expert,30,16,99,lost,201,15,355,381,228,naive,random
759,expert,30,16,99,lost,184,2,353,381,213,naive,random
760,expert,30,16,99,lost,92,1,228,381,246,naive,random
761,expert,30,16,99,lost,181,3,321,381,242,naive,random
762,expert,30,16,99,lost,125,4,285,381,222,naive,random
763,expert,30,16,99,lost,159,1,274,381,267,naive,random
764,expert,30,16,99,lost,63,4,143,381,302,naive,random
765,expert,30,16,99,lost,108,4,215,381,275,naive,random
766,expert,30,16,99,lost,83,8,205,381,260,naive,random
767,expert,30,16,99,lost,3,2,18,381,367,naive,random
768,expert,30,16,99,lost,193,5,364,381,211,naive,random
769,expert,30,16,99,lost,45,7,141,381,286,naive,random
770,expert,30,16,99,lost,27,3,111,381,298,naive,random
771,expert,30,16,99,lost,109,3,248,381,243,naive,random
772,expert,30,16,99,lost,94,2,228,381,248,naive,random
773,expert,30,16,99,lost,80,3,240,381,222,naive,random
774,expert,30,16,99,lost,12,2,55,381,339,naive,random
775,expert,30,16,99,lost,85,6,166,381,301,naive,random
776,expert,30,16,99,lost,3,2,11,381,374,naive,random
777,expert,30,16,99,lost,35,7,108,381,309,naive,random
778,expert,30,16,99,lost,75,13,236,381,221,naive,random
779,expert,30,16,99,lost,9,7,42,381,349,naive,random
780,expert,30,16,99,lost,180,11,314,381,248,naive,random
781,expert,30,16,99,lost,50,3,141,381,291,naive,random
782,expert,30,16,99,lost,26,6,75,381,333,naive,random
783,expert,30,16,99,lost,156,1,335,381,203,naive,random
784,expert,30,16,99,lost,127,4,295,381,214,naive,random
785,expert,30,16,99,lost,152,10,336,381,198,naive,random
786,expert,30,16,99,lost,65,2,142,381,305,naive,random
787,expert,30,16,99,lost,134,6,317,381,199,naive,random
788,expert,30,16,99,lost,138,10,248,381,272,naive,random
789,expert,30,16,99,lost,33,1,97,381,318,naive,random
790,expert,30,16,99,lost,142,5,311,381,213,naive,random
791,expert,30,16,99,lost,6,5,14,381,374,naive,random
792,expert,30,16,99,lost,66,1,218,381,230,naive,random
793,expert,30,16,99,lost,7,6,15,381,374,naive,random
794,expert,30,16,99,lost,70,9,184,381,268,naive,random
795,expert,30,16,99,lost,108,1,239,381,251,naive,random
796,expert,30,16,99,lost,7,3,35,381,354,naive,random
797,expert,30,16,99,lost,157,1,331,381,208,naive,random
798,expert,30,16,99,lost,123,2,244,381,261,naive,random
799,expert,30,16,99,lost,111,1,213,381,280,naive,random
800,expert,30,16,99,lost,148,1,314,381,216,naive,random
801,mixed,11,17,38,lost,71,6,149,149,72,naive,random
802,mixed,13,14,35,lost,12,11,23,147,137,naive,random
803,mixed,15,18,35,won,61,1,235,235,61,naive,random
804,mixed,10,21,25,won,42,0,185,185,42,naive,random
805,mixed,17,22,71,lost,114,4,295,303,123,naive,random
806,mixed,19,10,29,lost,25,6,124,161,63,naive,random
807,mixed,14,17,46,lost,31,1,115,192,109,naive,random
808,mixed,17,16,40,won,66,1,232,232,66,naive,random
809,mixed,19,12,42,lost,77,2,176,186,88,naive,random
810,mixed,15,16,45,won,80,3,195,195,80,naive,random
811,mixed,12,10,22,won,37,2,98,98,37,naive,random
812,mixed,15,11,29,won,49,0,136,136,49,naive,random
813,mixed,23,9,43,lost,4,2,21,164,148,naive,random
814,mixed,22,16,75,lost,78,4,142,277,214,naive,random
815,mixed,9,19,31,lost,56,2,123,140,74,naive,random
816,mixed,13,11,17,won,25,0,126,126,25,naive,random
817,mixed,20,8,24,won,48,0,136,136,48,naive,random
818,mixed,16,17,53,lost,11,1,40,219,191,naive,random
819,mixed,22,11,53,lost,85,2,173,189,102,naive,random
820,mixed,15,16,46,lost,6,5,14,194,187,naive,random
821,mixed,8,20,33,won,60,1,127,127,60,naive,random
822,mixed,20,8,23,lost,21,4,63,137,96,naive,random
823,mixed,12,14,30,lost,36,1,121,138,54,naive,random
824,mixed,23,10,40,lost,84,5,179,190,96,naive,random
825,mixed,8,22,27,won,65,5,149,149,65,naive,random
826,mixed,8,22,37,lost,53,1,110,139,83,naive,random
827,mixed,8,22,30,lost,6,2,49,146,104,naive,random
828,mixed,23,20,76,lost,107,1,338,384,154,naive,random
829,mixed,16,21,59,lost,61,2,213,277,126,naive,random
830,mixed,22,18,71,lost,144,2,317,325,153,naive,random
831,mixed,18,11,29,lost,23,6,120,169,73,naive,random
832,mixed,13,21,47,won,79,3,226,226,79,naive,random
833,mixed,22,12,41,lost,78,1,183,223,119,naive,random
834,mixed,10,21,26,lost,39,1,178,184,46,naive,random
835,mixed,11,9,14,won,22,0,85,85,22,naive,random
836,mixed,15,8,16,won,20,0,104,104,20,naive,random
837,mixed,16,13,26,won,45,1,182,182,45,naive,random
838,mixed,11,24,52,lost,28,2,63,212,178,naive,random
839,mixed,14,19,40,lost,56,1,205,226,78,naive,random
840,mixed,18,24,68,won,151,0,364,364,151,naive,random
841,mixed,18,16,34,won,60,0,254,254,60,naive,random
842,mixed,17,23,69,lost,4,2,15,322,312,naive,random
843,mixed,8,23,36,lost,31,3,85,148,95,naive,random
844,mixed,20,12,35,won,85,0,205,205,85,naive,random
845,mixed,17,14,39,lost,25,5,119,199,106,naive,random
846,mixed,12,24,42,won,62,0,246,246,62,naive,random
847,mixed,22,13,45,won,111,1,241,241,111,naive,random
848,mixed,11,8,10,won,11,1,78,78,11,naive,random
849,mixed,9,13,22,won,37,4,95,95,37,naive,random
850,mixed,8,13,17,lost,31,7,63,87,56,naive,random
851,mixed,11,12,16,won,33,0,116,116,33,naive,random
852,mixed,14,15,27,lost,43,2,182,183,45,naive,random
853,mixed,21,9,38,lost,44,1,130,151,66,naive,random
854,mixed,15,13,35,won,49,0,160,160,49,naive,random
855,mixed,18,15,36,won,82,0,234,234,82,naive,random
856,mixed,17,14,48,lost,67,1,176,190,82,naive,random
857,mixed,21,22,91,lost,50,3,137,371,285,naive,random
858,mixed,23,20,87,lost,17,10,55,373,336,naive,random
859,mixed,23,14,39,won,59,0,283,283,59,naive,random
860,mixed,15,11,20,won,23,0,145,145,23,naive,random
861,mixed,18,11,30,lost,6,5,25,168,150,naive,random
862,mixed,14,24,62,lost,55,2,215,274,115,naive,random
863,mixed,18,24,82,lost,2,1,20,350,333,naive,random
864,mixed,10,23,47,lost,62,2,175,183,71,naive,random
865,mixed,11,16,22,won,38,1,154,154,38,naive,random
866,mixed,17,15,53,lost,52,16,117,202,138,naive,random
867,mixed,10,18,36,lost,34,2,105,144,74,naive,random
868,mixed,17,22,77,lost,137,10,281,297,154,naive,random
869,mixed,23,15,61,lost,43,4,126,284,202,naive,random
870,mixed,17,21,71,lost,146,9,260,286,173,naive,random
871,mixed,19,15,37,lost,65,4,237,248,77,naive,random
872,mixed,24,18,65,won,149,1,367,367,149,naive,random
873,mixed,13,24,48,lost,110,4,255,264,120,naive,random
874,mixed,8,17,28,won,58,2,108,108,58,naive,random
875,mixed,24,15,76,lost,11,1,30,284,266,naive,random
876,mixed,16,23,45,won,97,0,323,323,97,naive,random
877,mixed,16,20,65,won,160,2,255,255,160,naive,random
878,mixed,13,13,26,won,37,1,143,143,37,naive,random
879,mixed,20,24,76,won,148,3,404,404,148,naive,random
880,mixed,21,24,89,won,166,7,415,415,166,naive,random
881,mixed,19,9,31,lost,51,3,139,140,53,naive,random
882,mixed,22,20,66,won,122,2,374,374,122,naive,random
883,mixed,10,12,23,lost,32,4,87,97,43,naive,random
884,mixed,11,24,56,lost,53,3,104,208,158,naive,random
885,mixed,8,10,10,won,18,1,70,70,18,naive,random
886,mixed,24,10,45,lost,40,1,124,195,112,naive,random
887,mixed,24,19,94,lost,169,5,332,362,200,naive,random
888,mixed,10,16,28,lost,28,4,94,132,67,naive,random
889,mixed,11,9,19,lost,2,1,19,80,64,naive,random
890,mixed,8,24,40,lost,62,3,141,152,74,naive,random
891,mixed,18,17,41,won,83,0,265,265,83,naive,random
892,mixed,16,18,59,lost,4,3,15,229,219,naive,random
893,mixed,13,14,35,lost,24,1,99,147,73,naive,random
894,mixed,19,11,36,won,87,2,173,173,87,naive,random
895,mixed,16,11,35,won,60,1,141,141,60,naive,random
896,mixed,9,21,36,lost,64,8,130,153,88,naive,random
897,mixed,8,12,11,lost,3,2,14,85,75,naive,random
898,mixed,22,12,38,won,99,0,226,226,99,naive,random
899,mixed,14,17,32,won,74,0,206,206,74,naive,random
900,mixed,19,10,38,lost,62,4,112,152,103,naive,random
901,mixed,9,12,15,lost,20,1,81,93,33,naive,random
902,mixed,17,8,24,lost,20,1,71,112,62,naive,random
903,mixed,12,16,28,won,61,4,164,164,61,naive,random
904,mixed,22,21,58,won,133,0,404,404,133,naive,random
905,mixed,15,11,33,lost,6,5,17,132,122,naive,random
906,mixed,20,19,69,lost,107,7,302,311,117,naive,random
907,mixed,9,13,17,won,26,0,100,100,26,naive,random
908,mixed,13,10,15,won,13,0,115,115,13,naive,random
909,mixed,14,13,25,lost,34,1,129,157,63,naive,random
910,mixed,13,13,36,lost,32,1,65,133,101,naive,random
911,mixed,16,23,49,lost,78,1,311,319,87,naive,random
912,mixed,21,18,55,won,96,0,323,323,96,naive,random
913,mixed,12,14,22,lost,31,1,145,146,33,naive,random
914,mixed,16,11,23,won,49,0,153,153,49,naive,random
915,mixed,14,20,33,lost,34,3,147,247,135,naive,random
916,mixed,11,23,33,won,58,0,220,220,58,naive,random
917,mixed,19,13,48,lost,88,2,195,199,93,naive,random
918,mixed,9,12,14,won,27,1,94,94,27,naive,random
919,mixed,8,23,36,lost,26,1,86,148,89,naive,random
920,mixed,20,13,31,won,67,0,229,229,67,naive,random
921,mixed,19,19,73,lost,93,3,241,288,141,naive,random
922,mixed,10,24,39,won,99,3,201,201,99,naive,random
923,mixed,16,12,32,lost,76,1,135,160,102,naive,random
924,mixed,15,16,37,won,74,1,203,203,74,naive,random
925,mixed,11,24,44,lost,70,3,219,220,72,naive,random
926,mixed,11,20,45,lost,2,1,10,175,168,naive,random
927,mixed,23,23,106,lost,118,3,282,423,260,naive,random
928,mixed,17,10,31,lost,21,8,71,139,90,naive,random
929,mixed,14,13,35,lost,58,2,129,147,77,naive,random
930,mixed,16,8,23,lost,2,1,10,105,98,naive,random
931,mixed,14,20,38,won,84,0,242,242,84,naive,random
932,mixed,16,9,25,lost,26,2,88,119,58,naive,random
933,mixed,23,12,58,lost,61,2,168,218,112,naive,random
934,mixed,10,11,21,won,40,0,89,89,40,naive,random
935,mixed,15,22,63,lost,123,7,256,267,135,naive,random
936,mixed,13,11,20,lost,14,6,64,123,74,naive,random
937,mixed,14,8,16,won,38,0,96,96,38,naive,random
938,mixed,19,10,30,lost,50,2,158,160,53,naive,random
939,mixed,24,10,38,won,78,7,202,202,78,naive,random
940,mixed,17,16,55,lost,72,2,213,217,77,naive,random
941,mixed,11,24,51,lost,49,1,155,213,108,naive,random
942,mixed,11,11,22,lost,10,1,57,99,53,naive,random
943,mixed,10,11,17,lost,25,4,86,93,33,naive,random
944,mixed,22,20,80,lost,111,3,305,360,167,naive,random
945,mixed,24,18,91,lost,16,14,54,341,304,naive,random
946,mixed,20,24,100,lost,195,2,372,380,204,naive,random
947,mixed,22,9,30,lost,61,2,167,168,63,naive,random
948,mixed,9,20,25,won,49,1,155,155,49,naive,random
949,mixed,24,23,108,lost,7,4,37,444,415,naive,random
950,mixed,17,14,36,won,76,2,202,202,76,naive,random
951,mixed,12,17,38,lost,94,6,161,166,100,naive,random
952,mixed,22,17,63,lost,74,2,230,311,156,naive,random
953,mixed,18,16,35,won,69,0,253,253,69,naive,random
954,mixed,12,8,14,won,22,0,82,82,22,naive,random
955,mixed,16,9,22,won,53,0,122,122,53,naive,random
956,mixed,10,16,31,lost,22,9,74,129,78,naive,random
957,mixed,13,17,34,lost,63,3,175,187,76,naive,random
958,mixed,24,15,52,lost,102,2,302,308,109,naive,random
959,mixed,10,17,36,lost,25,4,53,134,107,naive,random
960,mixed,19,23,92,lost,109,3,216,345,239,naive,random
961,mixed,22,10,41,lost,2,1,13,179,169,naive,random
962,mixed,17,16,41,lost,82,5,218,231,96,naive,random
963,mixed,21,17,46,lost,53,1,300,311,65,naive,random
964,mixed,24,19,86,lost,102,4,322,370,151,naive,random
965,mixed,22,11,49,won,88,5,193,193,88,naive,random
966,mixed,23,18,75,lost,9,3,44,339,305,naive,random
967,mixed,13,23,38,won,82,0,261,261,82,naive,random
968,mixed,13,19,30,lost,62,1,217,217,63,naive,random
969,mixed,8,20,22,won,55,0,138,138,55,naive,random
970,mixed,10,11,19,lost,18,1,57,91,53,naive,random
971,mixed,13,24,38,won,54,0,274,274,54,naive,random
972,mixed,16,17,34,won,65,0,238,238,65,naive,random
973,mixed,17,22,81,lost,6,5,23,293,277,naive,random
974,mixed,14,9,21,won,41,0,105,105,41,naive,random
975,mixed,19,9,36,lost,26,2,86,135,76,naive,random
976,mixed,15,19,35,lost,44,1,247,250,48,naive,random
977,mixed,12,21,45,lost,4,2,15,207,197,naive,random
978,mixed,24,15,74,lost,79,2,157,286,209,naive,random
979,mixed,10,23,40,lost,63,3,179,190,75,naive,random
980,mixed,17,15,51,lost,89,2,204,204,90,naive,random
981,mixed,20,10,27,won,61,0,173,173,61,naive,random
982,mixed,18,15,40,won,76,0,230,230,76,naive,random
983,mixed,16,17,38,lost,46,1,222,234,59,naive,random
984,mixed,18,12,39,lost,42,3,102,177,118,naive,random
985,mixed,15,14,44,lost,37,1,130,166,74,naive,random
986,mixed,14,12,22,won,51,0,146,146,51,naive,random
987,mixed,19,17,43,won,66,0,280,280,66,naive,random
988,mixed,12,18,36,won,68,0,180,180,68,naive,random
989,mixed,10,21,32,lost,53,1,171,178,61,naive,random
990,mixed,14,19,56,lost,18,10,56,210,173,naive,random
991,mixed,13,22,58,lost,81,4,168,228,142,naive,random
992,mixed,21,23,63,won,109,0,420,420,109,naive,random
993,mixed,8,19,23,lost,24,2,119,129,35,naive,random
994,mixed,11,11,14,won,30,0,107,107,30,naive,random
995,mixed,13,12,23,won,46,0,133,133,46,naive,random
996,mixed,14,20,52,lost,112,4,223,228,118,naive,random
997,mixed,23,9,30,won,68,2,177,177,68,naive,random
998,mixed,11,14,32,won,71,2,122,122,71,naive,random
999,mixed,19,21,64,lost,112,1,326,335,122,naive,random
1000,mixed,16,20,50,won,79,1,270,270,79,naive,random
1,beginner,9,9,10,won,12,0,71,71,12,naive,probability
2,beginner,9,9,10,won,30,12,71,71,30,naive,probability
3,beginner,9,9,10,won,11,0,71,71,11,naive,probability
4,beginner,9,9,10,won,17,0,71,71,17,naive,probability
5,beginner,9,9,10,won,16,0,71,71,16,naive,probability
6,beginner,9,9,10,won,14,0,71,71,14,naive,probability
7,beginner,9,9,10,won,16,0,71,71,16,naive,probability
8,beginner,9,9,10,won,20,9,71,71,20,naive,probability
9,beginner,9,9,10,won,11,1,71,71,11,naive,probability
10,beginner,9,9,10,won,14,0,71,71,14,naive,probability
11,beginner,9,9,10,won,19,0,71,71,19,naive,probability
12,beginner,9,9,10,won,29,2,71,71,29,naive,probability
13,beginner,9,9,10,won,12,1,71,71,12,naive,probability
14,beginner,9,9,10,won,22,4,71,71,22,naive,probability
15,beginner,9,9,10,won,13,1,71,71,13,naive,probability
16,beginner,9,9,10,won,19,0,71,71,19,naive,probability
17,beginner,9,9,10,won,26,0,71,71,26,naive,probability
18,beginner,9,9,10,won,20,0,71,71,20,naive,probability
19,beginner,9,9,10,won,19,0,71,71,19,naive,probability
20,beginner,9,9,10,won,15,0,71,71,15,naive,probability
21,beginner,9,9,10,won,15,0,71,71,15,naive,probability
22,beginner,9,9,10,won,18,3,71,71,18,naive,probability
23,beginner,9,9,10,won,20,0,71,71,20,naive,probability
24,beginner,9,9,10,won,15,0,71,71,15,naive,probability
25,beginner,9,9,10,won,13,0,71,71,13,naive,probability
26,beginner,9,9,10,won,24,0,71,71,24,naive,probability
27,beginner,9,9,10,won,27,0,71,71,27,naive,probability
28,beginner,9,9,10,won,13,0,71,71,13,naive,probability
29,beginner,9,9,10,won,13,0,71,71,13,naive,probability
30,beginner,9,9,10,won,18,0,71,71,18,naive,probability
31,beginner,9,9,10,won,23,0,71,71,23,naive,probability
32,beginner,9,9,10,won,19,2,71,71,19,naive,probability
33,beginner,9,9,10,won,4,0,71,71,4,naive,probability
34,beginner,9,9,10,won,24,6,71,71,24,naive,probability
35,beginner,9,9,10,lost,14,1,71,71,15,naive,probability
36,beginner,9,9,10,won,12,0,71,71,12,naive,probability
37,beginner,9,9,10,won,14,0,71,71,14,naive,probability
38,beginner,9,9,10,won,13,0,71,71,13,naive,probability
39,beginner,9,9,10,won,27,0,71,71,27,naive,probability
40,beginner,9,9,10,won,16,0,71,71,16,naive,probability
41,beginner,9,9,10,won,21,0,71,71,21,naive,probability
42,beginner,9,9,10,won,23,0,71,71,23,naive,probability
43,beginner,9,9,10,won,22,0,71,71,22,naive,probability
44,beginner,9,9,10,won,11,0,71,71,11,naive,probability
45,beginner,9,9,10,won,11,0,71,71,11,naive,probability
46,beginner,9,9,10,won,23,3,71,71,23,naive,probability
47,beginner,9,9,10,won,17,0,71,71,17,naive,probability
48,beginner,9,9,10,won,21,0,71,71,21,naive,probability
49,beginner,9,9,10,won,15,1,71,71,15,naive,probability
50,beginner,9,9,10,won,22,0,71,71,22,naive,probability
51,beginner,9,9,10,won,19,2,71,71,19,naive,probability
52,beginner,9,9,10,won,16,0,71,71,16,naive,probability
53,beginner,9,9,10,won,22,0,71,71,22,naive,probability
54,beginner,9,9,10,won,13,0,71,71,13,naive,probability
55,beginner,9,9,10,won,7,0,71,71,7,naive,probability
56,beginner,9,9,10,won,19,0,71,71,19,naive,probability
57,beginner,9,9,10,won,18,1,71,71,18,naive,probability
58,beginner,9,9,10,lost,22,1,70,71,24,naive,probability
59,beginner,9,9,10,won,11,2,71,71,11,naive,probability
60,beginner,9,9,10,won,16,0,71,71,16,naive,probability
61,beginner,9,9,10,won,7,1,71,71,7,naive,probability
62,beginner,9,9,10,won,29,0,71,71,29,naive,probability
63,beginner,9,9,10,won,17,0,71,71,17,naive,probability
64,beginner,9,9,10,won,17,0,71,71,17,naive,probability
65,beginner,9,9,10,won,15,0,71,71,15,naive,probability
66,beginner,9,9,10,won,13,0,71,71,13,naive,probability
67,beginner,9,9,10,won,19,2,71,71,19,naive,probability
68,beginner,9,9,10,won,19,1,71,71,19,naive,probability
69,beginner,9,9,10,won,24,0,71,71,24,naive,probability
70,beginner,9,9,10,won,24,11,71,71,24,naive,probability
71,beginner,9,9,10,won,16,0,71,71,16,naive,probability
72,beginner,9,9,10,won,18,0,71,71,18,naive,probability
73,beginner,9,9,10,won,10,0,71,71,10,naive,probability
74,beginner,9,9,10,won,12,0,71,71,12,naive,probability
75,beginner,9,9,10,won,16,0,71,71,16,naive,probability
76,beginner,9,9,10,won,8,0,71,71,8,naive,probability
77,beginner,9,9,10,won,14,0,71,71,14,naive,probability
78,beginner,9,9,10,won,8,0,71,71,8,naive,probability
79,beginner,9,9,10,won,9,0,71,71,9,naive,probability
80,beginner,9,9,10,won,15,1,71,71,15,naive,probability
81,beginner,9,9,10,won,14,0,71,71,14,naive,probability
82,beginner,9,9,10,won,10,0,71,71,10,naive,probability
83,beginner,9,9,10,won,9,0,71,71,9,naive,probability
84,beginner,9,9,10,won,13,0,71,71,13,naive,probability
85,beginner,9,9,10,won,18,0,71,71,18,naive,probability
86,beginner,9,9,10,won,16,0,71,71,16,naive,probability
87,beginner,9,9,10,won,7,1,71,71,7,naive,probability
88,beginner,9,9,10,won,18,5,71,71,18,naive,probability
89,beginner,9,9,10,won,25,0,71,71,25,naive,probability
90,beginner,9,9,10,won,8,0,71,71,8,naive,probability
91,beginner,9,9,10,won,22,0,71,71,22,naive,probability
92,beginner,9,9,10,won,15,0,71,71,15,naive,probability
93,beginner,9,9,10,won,20,0,71,71,20,naive,probability
94,beginner,9,9,10,lost,15,1,67,71,20,naive,probability
95,beginner,9,9,10,won,9,0,71,71,9,naive,probability
96,beginner,9,9,10,won,21,0,71,71,21,naive,probability
97,beginner,9,9,10,won,22,0,71,71,22,naive,probability
98,beginner,9,9,10,won,12,0,71,71,12,naive,probability
99,beginner,9,9,10,won,23,1,71,71,23,naive,probability
100,beginner,9,9,10,won,14,0,71,71,14,naive,probability
101,beginner,9,9,10,won,28,0,71,71,28,naive,probability
102,beginner,9,9,10,won,19,0,71,71,19,naive,probability
103,beginner,9,9,10,won,28,9,71,71,28,naive,probability
104,beginner,9,9,10,won,20,0,71,71,20,naive,probability
105,beginner,9,9,10,won,15,0,71,71,15,naive,probability
106,beginner,9,9,10,won,16,0,71,71,16,naive,probability
107,beginner,9,9,10,won,14,0,71,71,14,naive,probability
108,beginner,9,9,10,won,18,0,71,71,18,naive,probability
109,beginner,9,9,10,won,18,0,71,71,18,naive,probability
110,beginner,9,9,10,won,10,0,71,71,10,naive,probability
111,beginner,9,9,10,won,24,0,71,71,24,naive,probability
112,beginner,9,9,10,won,24,3,71,71,24,naive,probability
113,beginner,9,9,10,lost,16,2,71,71,17,naive,probability
114,beginner,9,9,10,won,18,3,71,71,18,naive,probability
115,beginner,9,9,10,won,16,2,71,71,16,naive,probability
116,beginner,9,9,10,won,17,0,71,71,17,naive,probability
117,beginner,9,9,10,won,12,0,71,71,12,naive,probability
118,beginner,9,9,10,won,18,0,71,71,18,naive,probability
119,beginner,9,9,10,won,26,8,71,71,26,naive,probability
120,beginner,9,9,10,won,21,0,71,71,21,naive,probability
121,beginner,9,9,10,won,16,0,71,71,16,naive,probability
122,beginner,9,9,10,won,17,0,71,71,17,naive,probability
123,beginner,9,9,10,won,14,0,71,71,14,naive,probability
124,beginner,9,9,10,won,17,2,71,71,17,naive,probability
125,beginner,9,9,10,won,22,0,71,71,22,naive,probability
126,beginner,9,9,10,won,25,0,71,71,25,naive,probability
127,beginner,9,9,10,won,31,2,71,71,31,naive,probability
128,beginner,9,9,10,won,23,0,71,71,23,naive,probability
129,beginner,9,9,10,won,18,3,71,71,18,naive,probability
130,beginner,9,9,10,won,19,0,71,71,19,naive,probability
131,beginner,9,9,10,won,13,0,71,71,13,naive,probability
132,beginner,9,9,10,won,22,0,71,71,22,naive,probability
133,beginner,9,9,10,won,13,0,71,71,13,naive,probability
134,beginner,9,9,10,won,20,0,71,71,20,naive,probability
135,beginner,9,9,10,won,9,0,71,71,9,naive,probability
136,beginner,9,9,10,won,12,0,71,71,12,naive,probability
137,beginner,9,9,10,won,18,0,71,71,18,naive,probability
138,beginner,9,9,10,won,24,0,71,71,24,naive,probability
139,beginner,9,9,10,won,24,0,71,71,24,naive,probability
140,beginner,9,9,10,won,17,0,71,71,17,naive,probability
141,beginner,9,9,10,won,32,2,71,71,32,naive,probability
142,beginner,9,9,10,won,19,0,71,71,19,naive,probability
143,beginner,9,9,10,won,23,0,71,71,23,naive,probability
144,beginner,9,9,10,won,18,0,71,71,18,naive,probability
145,beginner,9,9,10,won,26,0,71,71,26,naive,probability
146,beginner,9,9,10,won,10,0,71,71,10,naive,probability
147,beginner,9,9,10,won,17,0,71,71,17,naive,probability
148,beginner,9,9,10,won,23,2,71,71,23,naive,probability
149,beginner,9,9,10,won,7,0,71,71,7,naive,probability
150,beginner,9,9,10,won,12,0,71,71,12,naive,probability
151,beginner,9,9,10,won,16,0,71,71,16,naive,probability
152,beginner,9,9,10,lost,23,9,68,71,27,naive,probability
153,beginner,9,9,10,won,20,2,71,71,20,naive,probability
154,beginner,9,9,10,won,13,1,71,71,13,naive,probability
155,beginner,9,9,10,won,22,0,71,71,22,naive,probability
156,beginner,9,9,10,won,9,1,71,71,9,naive,probability
157,beginner,9,9,10,lost,4,3,18,71,58,naive,probability
158,beginner,9,9,10,won,22,4,71,71,22,naive,probability
159,beginner,9,9,10,won,17,0,71,71,17,naive,probability
160,beginner,9,9,10,won,27,2,71,71,27,naive,probability
161,beginner,9,9,10,won,25,3,71,71,25,naive,probability
162,beginner,9,9,10,won,14,1,71,71,14,naive,probability
163,beginner,9,9,10,won,24,0,71,71,24,naive,probability
164,beginner,9,9,10,won,13,0,71,71,13,naive,probability
165,beginner,9,9,10,won,16,0,71,71,16,naive,probability
166,beginner,9,9,10,won,16,0,71,71,16,naive,probability
167,beginner,9,9,10,won,17,0,71,71,17,naive,probability
168,beginner,9,9,10,won,16,2,71,71,16,naive,probability
169,beginner,9,9,10,won,29,0,71,71,29,naive,probability
170,beginner,9,9,10,won,20,2,71,71,20,naive,probability
171,beginner,9,9,10,won,16,1,71,71,16,naive,probability
172,beginner,9,9,10,won,24,0,71,71,24,naive,probability
173,beginner,9,9,10,won,16,0,71,71,16,naive,probability
174,beginner,9,9,10,won,20,0,71,71,20,naive,probability
175,beginner,9,9,10,won,17,0,71,71,17,naive,probability
176,beginner,9,9,10,won,13,0,71,71,13,naive,probability
177,beginner,9,9,10,won,20,0,71,71,20,naive,probability
178,beginner,9,9,10,won,26,0,71,71,26,naive,probability
179,beginner,9,9,10,won,22,0,71,71,22,naive,probability
180,beginner,9,9,10,won,13,2,71,71,13,naive,probability
181,beginner,9,9,10,won,13,0,71,71,13,naive,probability
182,beginner,9,9,10,won,18,3,71,71,18,naive,probability
183,beginner,9,9,10,won,23,2,71,71,23,naive,probability
184,beginner,9,9,10,won,21,2,71,71,21,naive,probability
185,beginner,9,9,10,won,12,1,71,71,12,naive,probability
186,beginner,9,9,10,won,12,0,71,71,12,naive,probability
187,beginner,9,9,10,won,15,0,71,71,15,naive,probability
188,beginner,9,9,10,won,19,0,71,71,19,naive,probability
189,beginner,9,9,10,won,17,0,71,71,17,naive,probability
190,beginner,9,9,10,won,9,0,71,71,9,naive,probability
191,beginner,9,9,10,won,12,0,71,71,12,naive,probability
192,beginner,9,9,10,lost,15,4,69,71,18,naive,probability
193,beginner,9,9,10,won,21,0,71,71,21,naive,probability
194,beginner,9,9,10,won,17,0,71,71,17,naive,probability
195,beginner,9,9,10,won,12,0,71,71,12,naive,probability
196,beginner,9,9,10,won,16,0,71,71,16,naive,probability
197,beginner,9,9,10,won,25,1,71,71,25,naive,probability
198,beginner,9,9,10,won,26,0,71,71,26,naive,probability
199,beginner,9,9,10,won,11,0,71,71,11,naive,probability
200,beginner,9,9,10,won,12,0,71,71,12,naive,probability
201,beginner,9,9,10,won,22,5,71,71,22,naive,probability
202,beginner,9,9,10,won,19,0,71,71,19,naive,probability
203,beginner,9,9,10,won,19,0,71,71,19,naive,probability
204,beginner,9,9,10,won,19,1,71,71,19,naive,probability
205,beginner,9,9,10,won,23,0,71,71,23,naive,probability
206,beginner,9,9,10,won,13,0,71,71,13,naive,probability
207,beginner,9,9,10,won,20,0,71,71,20,naive,probability
208,beginner,9,9,10,won,17,0,71,71,17,naive,probability
209,beginner,9,9,10,won,13,0,71,71,13,naive,probability
210,beginner,9,9,10,won,13,0,71,71,13,naive,probability
211,beginner,9,9,10,won,14,0,71,71,14,naive,probability
212,beginner,9,9,10,won,13,0,71,71,13,naive,probability
213,beginner,9,9,10,won,25,0,71,71,25,naive,probability
214,beginner,9,9,10,won,22,0,71,71,22,naive,probability
215,beginner,9,9,10,won,15,2,71,71,15,naive,probability
216,beginner,9,9,10,won,9,1,71,71,9,naive,probability
217,beginner,9,9,10,won,23,2,71,71,23,naive,probability
218,beginner,9,9,10,lost,6,4,17,71,61,naive,probability
219,beginner,9,9,10,won,13,1,71,71,13,naive,probability
220,beginner,9,9,10,won,10,2,71,71,10,naive,probability
221,beginner,9,9,10,won,18,0,71,71,18,naive,probability
222,beginner,9,9,10,won,16,0,71,71,16,naive,probability
223,beginner,9,9,10,won,22,1,71,71,22,naive,probability
224,beginner,9,9,10,won,21,0,71,71,21,naive,probability
225,beginner,9,9,10,won,11,0,71,71,11,naive,probability
226,beginner,9,9,10,won,22,0,71,71,22,naive,probability
227,beginner,9,9,10,won,19,2,71,71,19,naive,probability
228,beginner,9,9,10,won,15,1,71,71,15,naive,probability
229,beginner,9,9,10,won,28,2,71,71,28,naive,probability
230,beginner,9,9,10,won,28,0,71,71,28,naive,probability
231,beginner,9,9,10,won,17,0,71,71,17,naive,probability
232,beginner,9,9,10,won,19,0,71,71,19,naive,probability
233,beginner,9,9,10,won,19,0,71,71,19,naive,probability
234,beginner,9,9,10,won,18,0,71,71,18,naive,probability
235,beginner,9,9,10,won,17,0,71,71,17,naive,probability
236,beginner,9,9,10,won,15,0,71,71,15,naive,probability
237,beginner,9,9,10,lost,15,1,71,71,16,naive,probability
238,beginner,9,9,10,won,14,0,71,71,14,naive,probability
239,beginner,9,9,10,won,15,0,71,71,15,naive,probability
240,beginner,9,9,10,won,20,0,71,71,20,naive,probability
241,beginner,9,9,10,won,15,2,71,71,15,naive,probability
242,beginner,9,9,10,won,22,0,71,71,22,naive,probability
243,beginner,9,9,10,won,17,0,71,71,17,naive,probability
244,beginner,9,9,10,won,19,0,71,71,19,naive,probability
245,beginner,9,9,10,won,23,2,71,71,23,naive,probability
246,beginner,9,9,10,won,20,0,71,71,20,naive,probability
247,beginner,9,9,10,won,20,0,71,71,20,naive,probability
248,beginner,9,9,10,won,12,2,71,71,12,naive,probability
249,beginner,9,9,10,won,14,2,71,71,14,naive,probability
250,beginner,9,9,10,won,28,1,71,71,28,naive,probability
251,beginner,9,9,10,won,12,1,71,71,12,naive,probability
252,beginner,9,9,10,won,12,0,71,71,12,naive,probability
253,beginner,9,9,10,won,11,0,71,71,11,naive,probability
254,beginner,9,9,10,won,22,0,71,71,22,naive,probability
255,beginner,9,9,10,won,23,0,71,71,23,naive,probability
256,beginner,9,9,10,won,17,0,71,71,17,naive,probability
257,beginner,9,9,10,won,10,0,71,71,10,naive,probability
258,beginner,9,9,10,won,14,0,71,71,14,naive,probability
259,beginner,9,9,10,won,27,1,71,71,27,naive,probability
260,beginner,9,9,10,won,13,0,71,71,13,naive,probability
261,beginner,9,9,10,won,14,1,71,71,14,naive,probability
262,beginner,9,9,10,won,12,0,71,71,12,naive,probability
263,beginner,9,9,10,won,18,0,71,71,18,naive,probability
264,beginner,9,9,10,won,20,2,71,71,20,naive,probability
265,beginner,9,9,10,won,23,1,71,71,23,naive,probability
266,beginner,9,9,10,won,18,0,71,71,18,naive,probability
267,beginner,9,9,10,won,15,0,71,71,15,naive,probability
268,beginner,9,9,10,won,18,0,71,71,18,naive,probability
269,beginner,9,9,10,won,12,0,71,71,12,naive,probability
270,beginner,9,9,10,won,21,0,71,71,21,naive,probability
271,beginner,9,9,10,won,17,0,71,71,17,naive,probability
272,beginner,9,9,10,won,30,5,71,71,30,naive,probability
273,beginner,9,9,10,won,16,2,71,71,16,naive,probability
274,beginner,9,9,10,won,7,0,71,71,7,naive,probability
275,beginner,9,9,10,won,26,0,71,71,26,naive,probability
276,beginner,9,9,10,won,14,0,71,71,14,naive,probability
277,beginner,9,9,10,won,20,0,71,71,20,naive,probability
278,beginner,9,9,10,won,23,0,71,71,23,naive,probability
279,beginner,9,9,10,won,23,0,71,71,23,naive,probability
280,beginner,9,9,10,won,13,2,71,71,13,naive,probability
281,beginner,9,9,10,won,11,1,71,71,11,naive,probability
282,beginner,9,9,10,won,11,0,71,71,11,naive,probability
283,beginner,9,9,10,won,18,0,71,71,18,naive,probability
284,beginner,9,9,10,won,9,0,71,71,9,naive,probability
285,beginner,9,9,10,won,19,1,71,71,19,naive,probability
286,beginner,9,9,10,won,18,0,71,71,18,naive,probability
287,beginner,9,9,10,won,12,0,71,71,12,naive,probability
288,beginner,9,9,10,lost,9,2,68,71,13,naive,probability
289,beginner,9,9,10,won,16,0,71,71,16,naive,probability
290,beginner,9,9,10,won,17,0,71,71,17,naive,probability
291,beginner,9,9,10,won,14,0,71,71,14,naive,probability
292,beginner,9,9,10,won,25,3,71,71,25,naive,probability
293,beginner,9,9,10,won,13,0,71,71,13,naive,probability
294,beginner,9,9,10,won,17,0,71,71,17,naive,probability
295,beginner,9,9,10,won,7,0,71,71,7,naive,probability
296,beginner,9,9,10,won,21,0,71,71,21,naive,probability
297,beginner,9,9,10,won,11,0,71,71,11,naive,probability
298,beginner,9,9,10,won,14,0,71,71,14,naive,probability
299,beginner,9,9,10,won,21,0,71,71,21,naive,probability
300,beginner,9,9,10,won,9,0,71,71,9,naive,probability
301,intermediate,16,16,40,won,72,1,216,216,72,naive,probability
302,intermediate,16,16,40,won,100,1,216,216,100,naive,probability
303,intermediate,16,16,40,lost,61,1,215,216,63,naive,probability
304,intermediate,16,16,40,lost,68,8,213,216,72,naive,probability
305,intermediate,16,16,40,won,78,0,216,216,78,naive,probability
306,intermediate,16,16,40,won,70,8,216,216,70,naive,probability
307,intermediate,16,16,40,won,74,8,216,216,74,naive,probability
308,intermediate,16,16,40,won,75,3,216,216,75,naive,probability
309,intermediate,16,16,40,lost,4,3,18,216,203,naive,probability
310,intermediate,16,16,40,won,68,3,216,216,68,naive,probability
311,intermediate,16,16,40,won,78,8,216,216,78,naive,probability
312,intermediate,16,16,40,won,74,1,216,216,74,naive,probability
313,intermediate,16,16,40,won,114,2,216,216,114,naive,probability
314,intermediate,16,16,40,won,76,0,216,216,76,naive,probability
315,intermediate,16,16,40,won,67,6,216,216,67,naive,probability
316,intermediate,16,16,40,won,89,1,216,216,89,naive,probability
317,intermediate,16,16,40,lost,95,1,216,216,96,naive,probability
318,intermediate,16,16,40,won,72,9,216,216,72,naive,probability
319,intermediate,16,16,40,won,75,0,216,216,75,naive,probability
320,intermediate,16,16,40,lost,6,5,17,216,206,naive,probability
321,intermediate,16,16,40,won,84,4,216,216,84,naive,probability
322,intermediate,16,16,40,lost,59,1,215,216,61,naive,probability
323,intermediate,16,16,40,won,80,3,216,216,80,naive,probability
324,intermediate,16,16,40,lost,3,1,24,216,196,naive,probability
325,intermediate,16,16,40,won,76,3,216,216,76,naive,probability
326,intermediate,16,16,40,won,74,0,216,216,74,naive,probability
327,intermediate,16,16,40,won,71,0,216,216,71,naive,probability
328,intermediate,16,16,40,won,84,0,216,216,84,naive,probability
329,intermediate,16,16,40,won,84,0,216,216,84,naive,probability
330,intermediate,16,16,40,won,66,3,216,216,66,naive,probability
331,intermediate,16,16,40,won,91,3,216,216,91,naive,probability
332,intermediate,16,16,40,won,84,2,216,216,84,naive,probability
333,intermediate,16,16,40,won,88,0,216,216,88,naive,probability
334,intermediate,16,16,40,won,111,2,216,216,111,naive,probability
335,intermediate,16,16,40,won,63,2,216,216,63,naive,probability
336,intermediate,16,16,40,won,78,0,216,216,78,naive,probability
337,intermediate,16,16,40,won,78,2,216,216,78,naive,probability
338,intermediate,16,16,40,won,73,0,216,216,73,naive,probability
339,intermediate,16,16,40,lost,66,9,182,216,101,naive,probability
340,intermediate,16,16,40,won,68,1,216,216,68,naive,probability
341,intermediate,16,16,40,won,70,1,216,216,70,naive,probability
342,intermediate,16,16,40,won,65,5,216,216,65,naive,probability
343,intermediate,16,16,40,lost,17,2,111,216,123,naive,probability
344,intermediate,16,16,40,won,83,0,216,216,83,naive,probability
345,intermediate,16,16,40,won,83,1,216,216,83,naive,probability
346,intermediate,16,16,40,lost,70,4,215,216,72,naive,probability
347,intermediate,16,16,40,lost,62,2,216,216,63,naive,probability
348,intermediate,16,16,40,won,55,0,216,216,55,naive,probability
349,intermediate,16,16,40,won,67,1,216,216,67,naive,probability
350,intermediate,16,16,40,lost,17,3,96,216,138,naive,probability
351,intermediate,16,16,40,lost,76,2,216,216,77,naive,probability
352,intermediate,16,16,40,won,68,6,216,216,68,naive,probability
353,intermediate,16,16,40,won,79,4,216,216,79,naive,probability
354,intermediate,16,16,40,lost,63,3,204,216,76,naive,probability
355,intermediate,16,16,40,won,74,1,216,216,74,naive,probability
356,intermediate,16,16,40,won,61,4,216,216,61,naive,probability
357,intermediate,16,16,40,won,76,4,216,216,76,naive,probability
358,intermediate,16,16,40,won,86,7,216,216,86,naive,probability
359,intermediate,16,16,40,won,83,0,216,216,83,naive,probability
360,intermediate,16,16,40,won,89,4,216,216,89,naive,probability
361,intermediate,16,16,40,lost,75,9,198,216,94,naive,probability
362,intermediate,16,16,40,won,64,2,216,216,64,naive,probability
363,intermediate,16,16,40,lost,74,1,215,216,76,naive,probability
364,intermediate,16,16,40,won,76,4,216,216,76,naive,probability
365,intermediate,16,16,40,won,83,5,216,216,83,naive,probability
366,intermediate,16,16,40,lost,80,2,216,216,81,naive,probability
367,intermediate,16,16,40,won,89,18,216,216,89,naive,probability
368,intermediate,16,16,40,won,70,1,216,216,70,naive,probability
369,intermediate,16,16,40,won,80,11,216,216,80,naive,probability
370,intermediate,16,16,40,lost,80,11,215,216,82,naive,probability
371,intermediate,16,16,40,won,86,3,216,216,86,naive,probability
372,intermediate,16,16,40,won,87,0,216,216,87,naive,probability
373,intermediate,16,16,40,won,87,8,216,216,87,naive,probability
374,intermediate,16,16,40,won,77,5,216,216,77,naive,probability
375,intermediate,16,16,40,won,103,0,216,216,103,naive,probability
376,intermediate,16,16,40,won,71,0,216,216,71,naive,probability
377,intermediate,16,16,40,won,66,1,216,216,66,naive,probability
378,intermediate,16,16,40,won,71,2,216,216,71,naive,probability
379,intermediate,16,16,40,won,74,1,216,216,74,naive,probability
380,intermediate,16,16,40,won,90,9,216,216,90,naive,probability
381,intermediate,16,16,40,lost,5,4,19,216,203,naive,probability
382,intermediate,16,16,40,won,65,11,216,216,65,naive,probability
383,intermediate,16,16,40,won,84,4,216,216,84,naive,probability
384,intermediate,16,16,40,won,89,0,216,216,89,naive,probability
385,intermediate,16,16,40,lost,41,3,215,216,43,naive,probability
386,intermediate,16,16,40,won,73,4,216,216,73,naive,probability
387,intermediate,16,16,40,won,78,3,216,216,78,naive,probability
388,intermediate,16,16,40,won,107,14,216,216,107,naive,probability
389,intermediate,16,16,40,won,76,0,216,216,76,naive,probability
390,intermediate,16,16,40,won,81,5,216,216,81,naive,probability
391,intermediate,16,16,40,lost,70,3,213,216,74,naive,probability
392,intermediate,16,16,40,won,76,8,216,216,76,naive,probability
393,intermediate,16,16,40,won,88,0,216,216,88,naive,probability
394,intermediate,16,16,40,won,63,2,216,216,63,naive,probability
395,intermediate,16,16,40,won,70,0,216,216,70,naive,probability
396,intermediate,16,16,40,lost,42,1,155,216,104,naive,probability
397,intermediate,16,16,40,won,83,3,216,216,83,naive,probability
398,intermediate,16,16,40,won,67,1,216,216,67,naive,probability
399,intermediate,16,16,40,won,84,5,216,216,84,naive,probability
400,intermediate,16,16,40,won,95,0,216,216,95,naive,probability
401,intermediate,16,16,40,won,91,0,216,216,91,naive,probability
402,intermediate,16,16,40,won,51,3,216,216,51,naive,probability
403,intermediate,16,16,40,lost,63,2,215,216,65,naive,probability
404,intermediate,16,16,40,won,66,0,216,216,66,naive,probability
405,intermediate,16,16,40,won,87,0,216,216,87,naive,probability
406,intermediate,16,16,40,won,73,0,216,216,73,naive,probability
407,intermediate,16,16,40,lost,76,3,216,216,77,naive,probability
408,intermediate,16,16,40,won,82,4,216,216,82,naive,probability
409,intermediate,16,16,40,won,102,1,216,216,102,naive,probability
410,intermediate,16,16,40,won,86,0,216,216,86,naive,probability
411,intermediate,16,16,40,won,55,0,216,216,55,naive,probability
412,intermediate,16,16,40,lost,79,3,216,216,80,naive,probability
413,intermediate,16,16,40,won,77,1,216,216,77,naive,probability
414,intermediate,16,16,40,won,82,3,216,216,82,naive,probability
415,intermediate,16,16,40,won,72,0,216,216,72,naive,probability
416,intermediate,16,16,40,lost,5,4,16,216,206,naive,probability
417,intermediate,16,16,40,lost,5,4,19,216,203,naive,probability
418,intermediate,16,16,40,won,102,1,216,216,102,naive,probability
419,intermediate,16,16,40,won,94,0,216,216,94,naive,probability
420,intermediate,16,16,40,won,65,4,216,216,65,naive,probability
421,intermediate,16,16,40,lost,74,8,211,216,80,naive,probability
422,intermediate,16,16,40,won,85,8,216,216,85,naive,probability
423,intermediate,16,16,40,won,110,0,216,216,110,naive,probability
424,intermediate,16,16,40,won,83,5,216,216,83,naive,probability
425,intermediate,16,16,40,won,83,8,216,216,83,naive,probability
426,intermediate,16,16,40,won,62,10,216,216,62,naive,probability
427,intermediate,16,16,40,lost,70,3,215,216,72,naive,probability
428,intermediate,16,16,40,lost,68,6,213,216,72,naive,probability
429,intermediate,16,16,40,won,85,0,216,216,85,naive,probability
430,intermediate,16,16,40,won,85,0,216,216,85,naive,probability
431,intermediate,16,16,40,won,70,1,216,216,70,naive,probability
432,intermediate,16,16,40,won,78,0,216,216,78,naive,probability
433,intermediate,16,16,40,won,76,0,216,216,76,naive,probability
434,intermediate,16,16,40,won,86,5,216,216,86,naive,probability
435,intermediate,16,16,40,won,83,1,216,216,83,naive,probability
436,intermediate,16,16,40,won,72,2,216,216,72,naive,probability
437,intermediate,16,16,40,won,67,1,216,216,67,naive,probability
438,intermediate,16,16,40,won,84,0,216,216,84,naive,probability
439,intermediate,16,16,40,won,89,0,216,216,89,naive,probability
440,intermediate,16,16,40,lost,30,1,68,216,179,naive,probability
441,intermediate,16,16,40,won,91,0,216,216,91,naive,probability
442,intermediate,16,16,40,lost,74,5,184,216,107,naive,probability
443,intermediate,16,16,40,lost,82,6,216,216,83,naive,probability
444,intermediate,16,16,40,won,83,4,216,216,83,naive,probability
445,intermediate,16,16,40,lost,70,4,214,216,73,naive,probability
446,intermediate,16,16,40,won,104,3,216,216,104,naive,probability
447,intermediate,16,16,40,won,85,6,216,216,85,naive,probability
448,intermediate,16,16,40,lost,77,6,213,216,81,naive,probability
449,intermediate,16,16,40,won,81,1,216,216,81,naive,probability
450,intermediate,16,16,40,won,57,6,216,216,57,naive,probability
451,intermediate,16,16,40,won,71,0,216,216,71,naive,probability
452,intermediate,16,16,40,won,81,3,216,216,81,naive,probability
453,intermediate,16,16,40,won,79,0,216,216,79,naive,probability
454,intermediate,16,16,40,won,64,0,216,216,64,naive,probability
455,intermediate,16,16,40,lost,80,2,216,216,81,naive,probability
456,intermediate,16,16,40,won,90,0,216,216,90,naive,probability
457,intermediate,16,16,40,won,78,0,216,216,78,naive,probability
458,intermediate,16,16,40,won,66,3,216,216,66,naive,probability
459,intermediate,16,16,40,won,72,3,216,216,72,naive,probability
460,intermediate,16,16,40,won,78,10,216,216,78,naive,probability
461,intermediate,16,16,40,won,53,1,216,216,53,naive,probability
462,intermediate,16,16,40,won,94,1,216,216,94,naive,probability
463,intermediate,16,16,40,won,104,0,216,216,104,naive,probability
464,intermediate,16,16,40,won,81,7,216,216,81,naive,probability
465,intermediate,16,16,40,lost,86,8,214,216,89,naive,probability
466,intermediate,16,16,40,won,61,1,216,216,61,naive,probability
467,intermediate,16,16,40,won,84,2,216,216,84,naive,probability
468,intermediate,16,16,40,won,78,1,216,216,78,naive,probability
469,intermediate,16,16,40,lost,76,1,216,216,77,naive,probability
470,intermediate,16,16,40,won,81,0,216,216,81,naive,probability
471,intermediate,16,16,40,won,80,4,216,216,80,naive,probability
472,intermediate,16,16,40,lost,72,2,215,216,74,naive,probability
473,intermediate,16,16,40,lost,8,6,19,216,206,naive,probability
474,intermediate,16,16,40,won,85,1,216,216,85,naive,probability
475,intermediate,16,16,40,won,83,0,216,216,83,naive,probability
476,intermediate,16,16,40,lost,50,6,202,216,65,naive,probability
477,intermediate,16,16,40,lost,34,3,157,216,94,naive,probability
478,intermediate,16,16,40,won,78,0,216,216,78,naive,probability
479,intermediate,16,16,40,won,84,1,216,216,84,naive,probability
480,intermediate,16,16,40,won,91,0,216,216,91,naive,probability
481,intermediate,16,16,40,won,70,1,216,216,70,naive,probability
482,intermediate,16,16,40,won,85,10,216,216,85,naive,probability
483,intermediate,16,16,40,won,105,3,216,216,105,naive,probability
484,intermediate,16,16,40,won,83,5,216,216,83,naive,probability
485,intermediate,16,16,40,won,74,0,216,216,74,naive,probability
486,intermediate,16,16,40,lost,71,8,211,216,77,naive,probability
487,intermediate,16,16,40,lost,52,3,214,216,55,naive,probability
488,intermediate,16,16,40,won,88,1,216,216,88,naive,probability
489,intermediate,16,16,40,lost,6,5,20,216,203,naive,probability
490,intermediate,16,16,40,lost,54,2,198,216,73,naive,probability
491,intermediate,16,16,40,won,78,0,216,216,78,naive,probability
492,intermediate,16,16,40,won,97,4,216,216,97,naive,probability
493,intermediate,16,16,40,won,79,5,216,216,79,naive,probability
494,intermediate,16,16,40,won,58,1,216,216,58,naive,probability
495,intermediate,16,16,40,won,96,4,216,216,96,naive,probability
496,intermediate,16,16,40,won,78,7,216,216,78,naive,probability
497,intermediate,16,16,40,won,88,0,216,216,88,naive,probability
498,intermediate,16,16,40,won,74,7,216,216,74,naive,probability
499,intermediate,16,16,40,won,87,7,216,216,87,naive,probability
500,intermediate,16,16,40,lost,58,1,202,216,73,naive,probability
501,intermediate,16,16,40,won,83,7,216,216,83,naive,probability
502,intermediate,16,16,40,won,73,5,216,216,73,naive,probability
503,intermediate,16,16,40,won,85,3,216,216,85,naive,probability
504,intermediate,16,16,40,won,79,0,216,216,79,naive,probability
505,intermediate,16,16,40,lost,56,1,216,216,57,naive,probability
506,intermediate,16,16,40,won,97,6,216,216,97,naive,probability
507,intermediate,16,16,40,won,110,5,216,216,110,naive,probability
508,intermediate,16,16,40,won,73,1,216,216,73,naive,probability
509,intermediate,16,16,40,won,102,6,216,216,102,naive,probability
510,intermediate,16,16,40,won,80,0,216,216,80,naive,probability
511,intermediate,16,16,40,lost,9,2,34,216,192,naive,probability
512,intermediate,16,16,40,won,106,4,216,216,106,naive,probability
513,intermediate,16,16,40,won,72,1,216,216,72,naive,probability
514,intermediate,16,16,40,won,89,12,216,216,89,naive,probability
515,intermediate,16,16,40,lost,88,2,215,216,90,naive,probability
516,intermediate,16,16,40,won,85,3,216,216,85,naive,probability
517,intermediate,16,16,40,won,62,0,216,216,62,naive,probability
518,intermediate,16,16,40,won,60,1,216,216,60,naive,probability
519,intermediate,16,16,40,won,88,0,216,216,88,naive,probability
520,intermediate,16,16,40,won,71,4,216,216,71,naive,probability
521,intermediate,16,16,40,won,78,1,216,216,78,naive,probability
522,intermediate,16,16,40,won,66,3,216,216,66,naive,probability
523,intermediate,16,16,40,won,65,0,216,216,65,naive,probability
524,intermediate,16,16,40,won,61,5,216,216,61,naive,probability
525,intermediate,16,16,40,won,58,0,216,216,58,naive,probability
526,intermediate,16,16,40,lost,61,2,173,216,105,naive,probability
527,intermediate,16,16,40,won,81,0,216,216,81,naive,probability
528,intermediate,16,16,40,won,90,4,216,216,90,naive,probability
529,intermediate,16,16,40,won,67,2,216,216,67,naive,probability
530,intermediate,16,16,40,won,67,0,216,216,67,naive,probability
531,intermediate,16,16,40,won,88,4,216,216,88,naive,probability
532,intermediate,16,16,40,won,85,15,216,216,85,naive,probability
533,intermediate,16,16,40,won,81,3,216,216,81,naive,probability
534,intermediate,16,16,40,won,96,2,216,216,96,naive,probability
535,intermediate,16,16,40,won,99,5,216,216,99,naive,probability
536,intermediate,16,16,40,lost,46,2,163,216,100,naive,probability
537,intermediate,16,16,40,won,82,4,216,216,82,naive,probability
538,intermediate,16,16,40,lost,42,6,186,216,73,naive,probability
539,intermediate,16,16,40,won,57,3,216,216,57,naive,probability
540,intermediate,16,16,40,won,84,5,216,216,84,naive,probability
541,intermediate,16,16,40,lost,59,6,215,216,61,naive,probability
542,intermediate,16,16,40,won,70,0,216,216,70,naive,probability
543,intermediate,16,16,40,won,87,10,216,216,87,naive,probability
544,intermediate,16,16,40,lost,51,2,200,216,68,naive,probability
545,intermediate,16,16,40,lost,75,1,216,216,76,naive,probability
546,intermediate,16,16,40,won,71,2,216,216,71,naive,probability
547,intermediate,16,16,40,lost,74,7,215,216,76,naive,probability
548,intermediate,16,16,40,won,87,2,216,216,87,naive,probability
549,intermediate,16,16,40,lost,75,3,209,216,83,naive,probability
550,intermediate,16,16,40,won,73,6,216,216,73,naive,probability
551,intermediate,16,16,40,won,107,1,216,216,107,naive,probability
552,intermediate,16,16,40,won,98,6,216,216,98,naive,probability
553,intermediate,16,16,40,lost,54,1,216,216,55,naive,probability
554,intermediate,16,16,40,won,64,0,216,216,64,naive,probability
555,intermediate,16,16,40,won,60,0,216,216,60,naive,probability
556,intermediate,16,16,40,won,94,7,216,216,94,naive,probability
557,intermediate,16,16,40,lost,81,2,213,216,85,naive,probability
558,intermediate,16,16,40,won,105,1,216,216,105,naive,probability
559,intermediate,16,16,40,lost,68,17,158,216,127,naive,probability
560,intermediate,16,16,40,won,87,1,216,216,87,naive,probability
561,intermediate,16,16,40,won,92,5,216,216,92,naive,probability
562,intermediate,16,16,40,won,94,2,216,216,94,naive,probability
563,intermediate,16,16,40,won,90,3,216,216,90,naive,probability
564,intermediate,16,16,40,won,83,3,216,216,83,naive,probability
565,intermediate,16,16,40,won,63,0,216,216,63,naive,probability
566,intermediate,16,16,40,won,90,0,216,216,90,naive,probability
567,intermediate,16,16,40,won,82,9,216,216,82,naive,probability
568,intermediate,16,16,40,won,65,2,216,216,65,naive,probability
569,intermediate,16,16,40,won,65,2,216,216,65,naive,probability
570,intermediate,16,16,40,won,63,0,216,216,63,naive,probability
571,intermediate,16,16,40,won,103,2,216,216,103,naive,probability
572,intermediate,16,16,40,won,75,3,216,216,75,naive,probability
573,intermediate,16,16,40,won,81,0,216,216,81,naive,probability
574,intermediate,16,16,40,lost,2,1,10,216,209,naive,probability
575,intermediate,16,16,40,won,73,1,216,216,73,naive,probability
576,intermediate,16,16,40,won,76,0,216,216,76,naive,probability
577,intermediate,16,16,40,won,107,10,216,216,107,naive,probability
578,intermediate,16,16,40,won,80,0,216,216,80,naive,probability
579,intermediate,16,16,40,won,71,2,216,216,71,naive,probability
580,intermediate,16,16,40,lost,74,6,215,216,76,naive,probability
581,intermediate,16,16,40,won,71,8,216,216,71,naive,probability
582,intermediate,16,16,40,lost,48,4,171,216,94,naive,probability
583,intermediate,16,16,40,lost,72,1,208,216,81,naive,probability
584,intermediate,16,16,40,won,85,11,216,216,85,naive,probability
585,intermediate,16,16,40,won,78,0,216,216,78,naive,probability
586,intermediate,16,16,40,won,48,1,216,216,48,naive,probability
587,intermediate,16,16,40,won,87,4,216,216,87,naive,probability
588,intermediate,16,16,40,won,70,0,216,216,70,naive,probability
589,intermediate,16,16,40,won,78,6,216,216,78,naive,probability
590,intermediate,16,16,40,lost,32,6,95,216,154,naive,probability
591,intermediate,16,16,40,won,77,4,216,216,77,naive,probability
592,intermediate,16,16,40,won,71,6,216,216,71,naive,probability
593,intermediate,16,16,40,won,56,0,216,216,56,naive,probability
594,intermediate,16,16,40,lost,81,1,216,216,82,naive,probability
595,intermediate,16,16,40,lost,69,1,216,216,70,naive,probability
596,intermediate,16,16,40,won,68,1,216,216,68,naive,probability
597,intermediate,16,16,40,won,59,2,216,216,59,naive,probability
598,intermediate,16,16,40,won,64,3,216,216,64,naive,probability
599,intermediate,16,16,40,lost,77,4,204,216,90,naive,probability
600,intermediate,16,16,40,won,67,8,216,216,67,naive,probability
601,expert,30,16,99,lost,143,20,334,381,191,naive,probability
602,expert,30,16,99,lost,190,21,381,381,191,naive,probability
603,expert,30,16,99,lost,96,7,206,381,272,naive,probability
604,expert,30,16,99,lost,114,16,232,381,264,naive,probability
605,expert,30,16,99,lost,37,7,88,381,331,naive,probability
606,expert,30,16,99,lost,177,17,318,381,241,naive,probability
607,expert,30,16,99,won,212,12,381,381,212,naive,probability
608,expert,30,16,99,lost,180,8,359,381,203,naive,probability
609,expert,30,16,99,won,200,14,381,381,200,naive,probability
610,expert,30,16,99,won,243,29,381,381,243,naive,probability
611,expert,30,16,99,lost,142,22,381,381,143,naive,probability
612,expert,30,16,99,won,187,14,381,381,187,naive,probability
613,expert,30,16,99,lost,203,13,360,381,225,naive,probability
614,expert,30,16,99,won,174,21,381,381,174,naive,probability
615,expert,30,16,99,lost,50,2,74,381,358,naive,probability
616,expert,30,16,99,lost,53,5,120,381,315,naive,probability
617,expert,30,16,99,lost,128,9,265,381,245,naive,probability
618,expert,30,16,99,lost,158,11,301,381,239,naive,probability
619,expert,30,16,99,lost,140,9,307,381,215,naive,probability
620,expert,30,16,99,lost,14,7,54,381,342,naive,probability
621,expert,30,16,99,lost,228,33,366,381,244,naive,probability
622,expert,30,16,99,lost,183,11,374,381,191,naive,probability
623,expert,30,16,99,lost,123,8,319,381,186,naive,probability
624,expert,30,16,99,lost,113,9,240,381,255,naive,probability
625,expert,30,16,99,lost,122,8,278,381,226,naive,probability
626,expert,30,16,99,lost,96,1,214,381,264,naive,probability
627,expert,30,16,99,won,217,18,381,381,217,naive,probability
628,expert,30,16,99,won,203,14,381,381,203,naive,probability
629,expert,30,16,99,lost,82,2,184,381,280,naive,probability
630,expert,30,16,99,lost,103,4,274,381,211,naive,probability
631,expert,30,16,99,lost,157,10,301,381,238,naive,probability
632,expert,30,16,99,lost,204,8,373,381,213,naive,probability
633,expert,30,16,99,lost,129,5,277,381,234,naive,probability
634,expert,30,16,99,won,216,22,381,381,216,naive,probability
635,expert,30,16,99,lost,151,14,267,381,266,naive,probability
636,expert,30,16,99,won,197,2,381,381,197,naive,probability
637,expert,30,16,99,lost,215,12,379,381,218,naive,probability
638,expert,30,16,99,won,201,11,381,381,201,naive,probability
639,expert,30,16,99,lost,4,2,41,381,345,naive,probability
640,expert,30,16,99,lost,175,14,356,381,201,naive,probability
641,expert,30,16,99,lost,120,7,233,381,269,naive,probability
642,expert,30,16,99,won,208,13,381,381,208,naive,probability
643,expert,30,16,99,lost,171,12,357,381,196,naive,probability
644,expert,30,16,99,lost,135,8,262,381,255,naive,probability
645,expert,30,16,99,lost,187,7,380,381,189,naive,probability
646,expert,30,16,99,lost,139,3,261,381,260,naive,probability
647,expert,30,16,99,lost,62,16,126,381,318,naive,probability
648,expert,30,16,99,lost,149,11,325,381,206,naive,probability
649,expert,30,16,99,lost,210,5,380,381,212,naive,probability
650,expert,30,16,99,won,221,10,381,381,221,naive,probability
651,expert,30,16,99,lost,186,8,379,381,189,naive,probability
652,expert,30,16,99,lost,22,1,42,381,362,naive,probability
653,expert,30,16,99,lost,92,18,228,381,246,naive,probability
654,expert,30,16,99,lost,149,10,277,381,254,naive,probability
655,expert,30,16,99,lost,126,13,250,381,258,naive,probability
656,expert,30,16,99,lost,168,6,361,381,189,naive,probability
657,expert,30,16,99,lost,96,16,174,381,304,naive,probability
658,expert,30,16,99,lost,173,16,316,381,239,naive,probability
659,expert,30,16,99,lost,176,20,377,381,181,naive,probability
660,expert,30,16,99,lost,162,15,360,381,184,naive,probability
661,expert,30,16,99,lost,186,20,369,381,199,naive,probability
662,expert,30,16,99,lost,12,11,23,381,371,naive,probability
663,expert,30,16,99,lost,194,7,381,381,195,naive,probability
664,expert,30,16,99,lost,167,13,381,381,168,naive,probability
665,expert,30,16,99,won,159,12,381,381,159,naive,probability
666,expert,30,16,99,lost,7,5,24,381,365,naive,probability
667,expert,30,16,99,lost,4,3,12,381,374,naive,probability
668,expert,30,16,99,lost,113,5,221,381,274,naive,probability
669,expert,30,16,99,won,171,15,381,381,171,naive,probability
670,expert,30,16,99,lost,191,13,378,381,195,naive,probability
671,expert,30,16,99,lost,221,12,380,381,223,naive,probability
672,expert,30,16,99,won,193,30,381,381,193,naive,probability
673,expert,30,16,99,lost,59,6,111,381,330,naive,probability
674,expert,30,16,99,lost,174,7,325,381,231,naive,probability
675,expert,30,16,99,lost,134,10,261,381,255,naive,probability
676,expert,30,16,99,lost,161,9,352,381,191,naive,probability
677,expert,30,16,99,lost,150,3,347,381,185,naive,probability
678,expert,30,16,99,lost,5,4,16,381,371,naive,probability
679,expert,30,16,99,won,183,11,381,381,183,naive,probability
680,expert,30,16,99,lost,4,2,21,381,365,naive,probability
681,expert,30,16,99,lost,170,9,295,381,257,naive,probability
682,expert,30,16,99,lost,199,15,369,381,212,naive,probability
683,expert,30,16,99,lost,161,36,287,381,256,naive,probability
684,expert,30,16,99,lost,138,6,264,381,256,naive,probability
685,expert,30,16,99,lost,13,11,24,381,371,naive,probability
686,expert,30,16,99,lost,75,3,162,381,295,naive,probability
687,expert,30,16,99,lost,130,11,235,381,277,naive,probability
688,expert,30,16,99,lost,6,5,17,381,371,naive,probability
689,expert,30,16,99,won,217,7,381,381,217,naive,probability
690,expert,30,16,99,lost,161,12,341,381,202,naive,probability
691,expert,30,16,99,lost,106,7,255,381,233,naive,probability
692,expert,30,16,99,won,211,25,381,381,211,naive,probability
693,expert,30,16,99,lost,87,3,206,381,263,naive,probability
694,expert,30,16,99,lost,87,14,176,381,293,naive,probability
695,expert,30,16,99,lost,186,21,381,381,187,naive,probability
696,expert,30,16,99,lost,162,11,342,381,202,naive,probability
697,expert,30,16,99,lost,100,10,250,381,232,naive,probability
698,expert,30,16,99,lost,136,10,354,381,164,naive,probability
699,expert,30,16,99,lost,35,2,112,381,305,naive,probability
700,expert,30,16,99,won,188,15,381,381,188,naive,probability
701,expert,30,16,99,lost,171,4,336,381,217,naive,probability
702,expert,30,16,99,lost,8,7,19,381,371,naive,probability
703,expert,30,16,99,lost,155,11,358,381,179,naive,probability
704,expert,30,16,99,won,191,9,381,381,191,naive,probability
705,expert,30,16,99,lost,193,19,356,381,219,naive,probability
706,expert,30,16,99,lost,65,4,129,381,318,naive,probability
707,expert,30,16,99,lost,128,16,258,381,252,naive,probability
708,expert,30,16,99,won,182,12,381,381,182,naive,probability
709,expert,30,16,99,lost,130,6,264,381,248,naive,probability
710,expert,30,16,99,won,228,14,381,381,228,naive,probability
711,expert,30,16,99,won,201,10,381,381,201,naive,probability
712,expert,30,16,99,lost,137,3,327,381,192,naive,probability
713,expert,30,16,99,lost,157,6,360,381,179,naive,probability
714,expert,30,16,99,won,200,33,381,381,200,naive,probability
715,expert,30,16,99,lost,168,13,378,381,172,naive,probability
716,expert,30,16,99,won,215,7,381,381,215,naive,probability
717,expert,30,16,99,lost,69,14,110,381,341,naive,probability
718,expert,30,16,99,won,198,22,381,381,198,naive,probability
719,expert,30,16,99,lost,208,12,381,381,209,naive,probability
720,expert,30,16,99,lost,33,1,71,381,344,naive,probability
721,expert,30,16,99,lost,18,9,45,381,355,naive,probability
722,expert,30,16,99,lost,5,4,16,381,371,naive,probability
723,expert,30,16,99,lost,142,11,322,381,202,naive,probability
724,expert,30,16,99,lost,6,5,17,381,371,naive,probability
725,expert,30,16,99,lost,199,5,379,381,202,naive,probability
726,expert,30,16,99,lost,215,4,370,381,227,naive,probability
727,expert,30,16,99,lost,7,6,15,381,374,naive,probability
728,expert,30,16,99,lost,114,7,229,381,267,naive,probability
729,expert,30,16,99,won,214,9,381,381,214,naive,probability
730,expert,30,16,99,lost,134,11,273,381,243,naive,probability
731,expert,30,16,99,lost,12,7,29,381,365,naive,probability
732,expert,30,16,99,lost,157,5,375,381,164,naive,probability
733,expert,30,16,99,lost,174,20,346,381,210,naive,probability
734,expert,30,16,99,won,219,10,381,381,219,naive,probability
735,expert,30,16,99,lost,176,16,338,381,220,naive,probability
736,expert,30,16,99,lost,81,3,245,381,218,naive,probability
737,expert,30,16,99,lost,142,13,347,381,177,naive,probability
738,expert,30,16,99,lost,118,11,261,381,239,naive,probability
739,expert,30,16,99,lost,33,1,70,381,345,naive,probability
740,expert,30,16,99,lost,16,5,53,381,345,naive,probability
741,expert,30,16,99,lost,213,19,380,381,215,naive,probability
742,expert,30,16,99,lost,181,21,380,381,183,naive,probability
743,expert,30,16,99,lost,173,9,371,381,184,naive,probability
744,expert,30,16,99,lost,12,5,20,381,374,naive,probability
745,expert,30,16,99,lost,164,13,316,381,230,naive,probability
746,expert,30,16,99,lost,157,7,337,381,202,naive,probability
747,expert,30,16,99,lost,199,3,364,381,217,naive,probability
748,expert,30,16,99,lost,20,9,95,381,307,naive,probability
749,expert,30,16,99,lost,192,12,381,381,193,naive,probability
750,expert,30,16,99,lost,10,3,32,381,360,naive,probability
751,expert,30,16,99,lost,221,9,380,381,223,naive,probability
752,expert,30,16,99,lost,119,13,255,381,246,naive,probability
753,expert,30,16,99,lost,11,10,27,381,366,naive,probability
754,expert,30,16,99,lost,98,4,186,381,294,naive,probability
755,expert,30,16,99,lost,25,3,33,381,374,naive,probability
756,expert,30,16,99,won,203,9,381,381,203,naive,probability
757,expert,30,16,99,lost,207,17,362,381,227,naive,probability
758,expert,30,16,99,lost,178,7,315,381,245,naive,probability
759,expert,30,16,99,won,210,8,381,381,210,naive,probability
760,expert,30,16,99,lost,131,10,282,381,231,naive,probability
761,expert,30,16,99,lost,188,9,328,381,242,naive,probability
762,expert,30,16,99,lost,158,10,331,381,209,naive,probability
763,expert,30,16,99,lost,230,20,380,381,232,naive,probability
764,expert,30,16,99,lost,12,8,20,381,374,naive,probability
765,expert,30,16,99,lost,148,6,270,381,260,naive,probability
766,expert,30,16,99,lost,154,6,338,381,198,naive,probability
767,expert,30,16,99,lost,93,11,261,381,214,naive,probability
768,expert,30,16,99,lost,106,1,238,381,250,naive,probability
769,expert,30,16,99,lost,28,8,87,381,323,naive,probability
770,expert,30,16,99,lost,144,19,357,381,169,naive,probability
771,expert,30,16,99,lost,110,4,239,381,253,naive,probability
772,expert,30,16,99,lost,132,20,292,381,222,naive,probability
773,expert,30,16,99,lost,85,8,245,381,222,naive,probability
774,expert,30,16,99,won,197,27,381,381,197,naive,probability
775,expert,30,16,99,won,233,13,381,381,233,naive,probability
776,expert,30,16,99,lost,8,7,16,381,374,naive,probability
777,expert,30,16,99,lost,24,3,64,381,342,naive,probability
778,expert,30,16,99,lost,7,5,21,381,368,naive,probability
779,expert,30,16,99,lost,19,17,52,381,349,naive,probability
780,expert,30,16,99,lost,11,1,46,381,347,naive,probability
781,expert,30,16,99,lost,104,13,219,381,267,naive,probability
782,expert,30,16,99,lost,4,3,12,381,374,naive,probability
783,expert,30,16,99,lost,194,18,373,381,203,naive,probability
784,expert,30,16,99,lost,125,9,280,381,227,naive,probability
785,expert,30,16,99,lost,113,11,285,381,210,naive,probability
786,expert,30,16,99,lost,193,39,321,381,254,naive,probability
787,expert,30,16,99,lost,155,17,357,381,180,naive,probability
788,expert,30,16,99,lost,12,11,35,381,359,naive,probability
789,expert,30,16,99,won,210,11,381,381,210,naive,probability
790,expert,30,16,99,won,191,13,381,381,191,naive,probability
791,expert,30,16,99,lost,14,8,22,381,374,naive,probability
792,expert,30,16,99,lost,67,2,219,381,230,naive,probability
793,expert,30,16,99,lost,192,30,359,381,215,naive,probability
794,expert,30,16,99,lost,127,8,261,381,248,naive,probability
795,expert,30,16,99,won,191,17,381,381,191,naive,probability
796,expert,30,16,99,lost,7,3,35,381,354,naive,probability
797,expert,30,16,99,lost,190,7,379,381,193,naive,probability
798,expert,30,16,99,lost,136,13,257,381,261,naive,probability
799,expert,30,16,99,lost,113,3,215,381,280,naive,probability
800,expert,30,16,99,won,203,5,381,381,203,naive,probability
801,mixed,11,17,38,lost,31,8,110,149,71,naive,probability
802,mixed,13,14,35,lost,12,11,23,147,137,naive,probability
803,mixed,15,18,35,won,61,1,235,235,61,naive,probability
804,mixed,10,21,25,won,42,0,185,185,42,naive,probability
805,mixed,17,22,71,lost,117,13,297,303,124,naive,probability
806,mixed,19,10,29,won,50,1,161,161,50,naive,probability
807,mixed,14,17,46,lost,47,17,131,192,109,naive,probability
808,mixed,17,16,40,won,66,1,232,232,66,naive,probability
809,mixed,19,12,42,won,87,2,186,186,87,naive,probability
810,mixed,15,16,45,lost,80,4,195,195,81,naive,probability
811,mixed,12,10,22,lost,33,3,94,98,38,naive,probability
812,mixed,15,11,29,won,49,0,136,136,49,naive,probability
813,mixed,23,9,43,lost,78,6,160,164,83,naive,probability
814,mixed,22,16,75,won,165,6,277,277,165,naive,probability
815,mixed,9,19,31,won,69,3,140,140,69,naive,probability
816,mixed,13,11,17,won,25,0,126,126,25,naive,probability
817,mixed,20,8,24,won,48,0,136,136,48,naive,probability
818,mixed,16,17,53,lost,12,2,41,219,191,naive,probability
819,mixed,22,11,53,won,101,10,189,189,101,naive,probability
820,mixed,15,16,46,lost,15,14,23,194,187,naive,probability
821,mixed,8,20,33,lost,53,3,110,127,71,naive,probability
822,mixed,20,8,23,won,46,1,137,137,46,naive,probability
823,mixed,12,14,30,won,53,7,138,138,53,naive,probability
824,mixed,23,10,40,won,94,6,190,190,94,naive,probability
825,mixed,8,22,27,won,62,10,149,149,62,naive,probability
826,mixed,8,22,37,lost,57,5,114,139,83,naive,probability
827,mixed,8,22,30,lost,23,13,128,146,42,naive,probability
828,mixed,23,20,76,won,136,5,384,384,136,naive,probability
829,mixed,16,21,59,lost,66,7,225,277,119,naive,probability
830,mixed,22,18,71,lost,148,4,324,325,150,naive,probability
831,mixed,18,11,29,lost,19,2,105,169,84,naive,probability
832,mixed,13,21,47,won,80,2,226,226,80,naive,probability
833,mixed,22,12,41,lost,82,5,187,223,119,naive,probability
834,mixed,10,21,26,won,45,1,184,184,45,naive,probability
835,mixed,11,9,14,won,22,0,85,85,22,naive,probability
836,mixed,15,8,16,won,20,0,104,104,20,naive,probability
837,mixed,16,13,26,won,45,4,182,182,45,naive,probability
838,mixed,11,24,52,lost,81,13,197,212,97,naive,probability
839,mixed,14,19,40,lost,63,3,225,226,65,naive,probability
840,mixed,18,24,68,won,151,0,364,364,151,naive,probability
841,mixed,18,16,34,won,60,0,254,254,60,naive,probability
842,mixed,17,23,69,won,130,6,322,322,130,naive,probability
843,mixed,8,23,36,lost,37,6,91,148,95,naive,probability
844,mixed,20,12,35,won,85,0,205,205,85,naive,probability
845,mixed,17,14,39,lost,21,1,108,199,113,naive,probability
846,mixed,12,24,42,won,62,0,246,246,62,naive,probability
847,mixed,22,13,45,won,109,2,241,241,109,naive,probability
848,mixed,11,8,10,won,12,3,78,78,12,naive,probability
849,mixed,9,13,22,won,38,10,95,95,38,naive,probability
850,mixed,8,13,17,won,43,5,87,87,43,naive,probability
851,mixed,11,12,16,won,33,0,116,116,33,naive,probability
852,mixed,14,15,27,lost,43,2,182,183,45,naive,probability
853,mixed,21,9,38,won,62,12,151,151,62,naive,probability
854,mixed,15,13,35,won,49,0,160,160,49,naive,probability
855,mixed,18,15,36,won,82,0,234,234,82,naive,probability
856,mixed,17,14,48,won,74,3,190,190,74,naive,probability
857,mixed,21,22,91,lost,52,5,152,371,272,naive,probability
858,mixed,23,20,87,lost,5,4,16,373,363,naive,probability
859,mixed,23,14,39,won,59,0,283,283,59,naive,probability
860,mixed,15,11,20,won,23,0,145,145,23,naive,probability
861,mixed,18,11,30,won,47,1,168,168,47,naive,probability
862,mixed,14,24,62,lost,59,5,184,274,150,naive,probability
863,mixed,18,24,82,lost,24,16,59,350,316,naive,probability
864,mixed,10,23,47,won,70,7,183,183,70,naive,probability
865,mixed,11,16,22,won,37,1,154,154,37,naive,probability
866,mixed,17,15,53,won,88,25,202,202,88,naive,probability
867,mixed,10,18,36,lost,48,9,119,144,74,naive,probability
868,mixed,17,22,77,won,154,10,297,297,154,naive,probability
869,mixed,23,15,61,lost,112,14,278,284,119,naive,probability
870,mixed,17,21,71,lost,164,12,281,286,170,naive,probability
871,mixed,19,15,37,won,72,6,248,248,72,naive,probability
872,mixed,24,18,65,won,149,1,367,367,149,naive,probability
873,mixed,13,24,48,lost,117,4,263,264,119,naive,probability
874,mixed,8,17,28,won,58,2,108,108,58,naive,probability
875,mixed,24,15,76,lost,24,14,43,284,266,naive,probability
876,mixed,16,23,45,won,97,0,323,323,97,naive,probability
877,mixed,16,20,65,lost,160,4,255,255,161,naive,probability
878,mixed,13,13,26,won,37,2,143,143,37,naive,probability
879,mixed,20,24,76,lost,148,6,404,404,149,naive,probability
880,mixed,21,24,89,won,160,13,415,415,160,naive,probability
881,mixed,19,9,31,lost,39,3,111,140,69,naive,probability
882,mixed,22,20,66,won,121,1,374,374,121,naive,probability
883,mixed,10,12,23,lost,33,4,86,97,45,naive,probability
884,mixed,11,24,56,lost,86,13,158,208,137,naive,probability
885,mixed,8,10,10,won,18,3,70,70,18,naive,probability
886,mixed,24,10,45,won,89,3,195,195,89,naive,probability
887,mixed,24,19,94,won,196,8,362,362,196,naive,probability
888,mixed,10,16,28,won,52,10,132,132,52,naive,probability
889,mixed,11,9,19,lost,5,4,22,80,64,naive,probability
890,mixed,8,24,40,lost,60,4,142,152,71,naive,probability
891,mixed,18,17,41,won,83,0,265,265,83,naive,probability
892,mixed,16,18,59,lost,58,5,106,229,182,naive,probability
893,mixed,13,14,35,lost,46,12,125,147,69,naive,probability
894,mixed,19,11,36,won,87,7,173,173,87,naive,probability
895,mixed,16,11,35,won,61,7,141,141,61,naive,probability
896,mixed,9,21,36,won,83,7,153,153,83,naive,probability
897,mixed,8,12,11,won,23,1,85,85,23,naive,probability
898,mixed,22,12,38,won,99,0,226,226,99,naive,probability
899,mixed,14,17,32,won,74,0,206,206,74,naive,probability
900,mixed,19,10,38,won,83,8,152,152,83,naive,probability
901,mixed,9,12,15,won,32,2,93,93,32,naive,probability
902,mixed,17,8,24,lost,40,10,97,112,56,naive,probability
903,mixed,12,16,28,won,65,3,164,164,65,naive,probability
904,mixed,22,21,58,won,133,0,404,404,133,naive,probability
905,mixed,15,11,33,won,61,16,132,132,61,naive,probability
906,mixed,20,19,69,lost,46,1,206,311,152,naive,probability
907,mixed,9,13,17,won,26,0,100,100,26,naive,probability
908,mixed,13,10,15,won,13,0,115,115,13,naive,probability
909,mixed,14,13,25,won,54,2,157,157,54,naive,probability
910,mixed,13,13,36,won,79,3,133,133,79,naive,probability
911,mixed,16,23,49,won,86,3,319,319,86,naive,probability
912,mixed,21,18,55,won,96,0,323,323,96,naive,probability
913,mixed,12,14,22,won,32,1,146,146,32,naive,probability
914,mixed,16,11,23,won,49,0,153,153,49,naive,probability
915,mixed,14,20,33,won,72,1,247,247,72,naive,probability
916,mixed,11,23,33,won,58,0,220,220,58,naive,probability
917,mixed,19,13,48,lost,92,6,199,199,93,naive,probability
918,mixed,9,12,14,won,27,2,94,94,27,naive,probability
919,mixed,8,23,36,lost,39,5,99,148,89,naive,probability
920,mixed,20,13,31,won,67,0,229,229,67,naive,probability
921,mixed,19,19,73,won,138,17,288,288,138,naive,probability
922,mixed,10,24,39,won,102,3,201,201,102,naive,probability
923,mixed,16,12,32,lost,99,8,159,160,101,naive,probability
924,mixed,15,16,37,won,74,1,203,203,74,naive,probability
925,mixed,11,24,44,won,74,2,220,220,74,naive,probability
926,mixed,11,20,45,lost,10,7,25,175,161,naive,probability
927,mixed,23,23,106,lost,199,20,414,423,209,naive,probability
928,mixed,17,10,31,won,68,6,139,139,68,naive,probability
929,mixed,14,13,35,won,74,4,147,147,74,naive,probability
930,mixed,16,8,23,lost,10,9,18,105,98,naive,probability
931,mixed,14,20,38,won,84,0,242,242,84,naive,probability
932,mixed,16,9,25,won,40,4,119,119,40,naive,probability
933,mixed,23,12,58,lost,85,10,216,218,88,naive,probability
934,mixed,10,11,21,won,40,0,89,89,40,naive,probability
935,mixed,15,22,63,lost,13,3,36,267,245,naive,probability
936,mixed,13,11,20,won,46,9,123,123,46,naive,probability
937,mixed,14,8,16,won,38,0,96,96,38,naive,probability
938,mixed,19,10,30,lost,51,3,159,160,53,naive,probability
939,mixed,24,10,38,won,78,2,202,202,78,naive,probability
940,mixed,17,16,55,won,76,5,217,217,76,naive,probability
941,mixed,11,24,51,won,90,7,213,213,90,naive,probability
942,mixed,11,11,22,lost,11,2,58,99,53,naive,probability
943,mixed,10,11,17,won,32,8,93,93,32,naive,probability
944,mixed,22,20,80,lost,130,19,328,360,163,naive,probability
945,mixed,24,18,91,lost,4,3,19,341,327,naive,probability
946,mixed,20,24,100,won,203,10,380,380,203,naive,probability
947,mixed,22,9,30,won,62,2,168,168,62,naive,probability
948,mixed,9,20,25,won,49,2,155,155,49,naive,probability
949,mixed,24,23,108,lost,221,26,444,444,222,naive,probability
950,mixed,17,14,36,won,76,7,202,202,76,naive,probability
951,mixed,12,17,38,won,103,2,166,166,103,naive,probability
952,mixed,22,17,63,lost,101,29,287,311,126,naive,probability
953,mixed,18,16,35,won,69,0,253,253,69,naive,probability
954,mixed,12,8,14,won,22,0,82,82,22,naive,probability
955,mixed,16,9,22,won,53,0,122,122,53,naive,probability
956,mixed,10,16,31,lost,62,7,126,129,66,naive,probability
957,mixed,13,17,34,lost,72,6,182,187,78,naive,probability
958,mixed,24,15,52,won,108,3,308,308,108,naive,probability
959,mixed,10,17,36,won,93,47,134,134,93,naive,probability
960,mixed,19,23,92,lost,124,4,263,345,207,naive,probability
961,mixed,22,10,41,won,88,15,179,179,88,naive,probability
962,mixed,17,16,41,won,94,8,231,231,94,naive,probability
963,mixed,21,17,46,lost,53,1,300,311,65,naive,probability
964,mixed,24,19,86,lost,107,7,299,370,179,naive,probability
965,mixed,22,11,49,lost,88,6,193,193,89,naive,probability
966,mixed,23,18,75,lost,7,1,42,339,305,naive,probability
967,mixed,13,23,38,won,82,0,261,261,82,naive,probability
968,mixed,13,19,30,lost,62,1,217,217,63,naive,probability
969,mixed,8,20,22,won,55,0,138,138,55,naive,probability
970,mixed,10,11,19,won,37,2,91,91,37,naive,probability
971,mixed,13,24,38,won,54,0,274,274,54,naive,probability
972,mixed,16,17,34,won,65,0,238,238,65,naive,probability
973,mixed,17,22,81,lost,101,6,208,293,187,naive,probability
974,mixed,14,9,21,won,41,0,105,105,41,naive,probability
975,mixed,19,9,36,won,71,6,135,135,71,naive,probability
976,mixed,15,19,35,won,47,2,250,250,47,naive,probability
977,mixed,12,21,45,lost,83,9,199,207,92,naive,probability
978,mixed,24,15,74,lost,6,5,17,286,276,naive,probability
979,mixed,10,23,40,lost,70,9,186,190,75,naive,probability
980,mixed,17,15,51,won,89,3,204,204,89,naive,probability
981,mixed,20,10,27,won,61,0,173,173,61,naive,probability
982,mixed,18,15,40,won,76,0,230,230,76,naive,probability
983,mixed,16,17,38,won,52,1,234,234,52,naive,probability
984,mixed,18,12,39,won,81,8,177,177,81,naive,probability
985,mixed,15,14,44,lost,49,13,142,166,74,naive,probability
986,mixed,14,12,22,won,51,0,146,146,51,naive,probability
987,mixed,19,17,43,won,66,0,280,280,66,naive,probability
988,mixed,12,18,36,won,68,0,180,180,68,naive,probability
989,mixed,10,21,32,lost,56,2,174,178,61,naive,probability
990,mixed,14,19,56,won,123,15,210,210,123,naive,probability
991,mixed,13,22,58,won,113,7,228,228,113,naive,probability
992,mixed,21,23,63,won,109,0,420,420,109,naive,probability
993,mixed,8,19,23,won,33,2,129,129,33,naive,probability
994,mixed,11,11,14,won,30,0,107,107,30,naive,probability
995,mixed,13,12,23,won,46,0,133,133,46,naive,probability
996,mixed,14,20,52,lost,117,8,228,228,118,naive,probability
997,mixed,23,9,30,won,69,4,177,177,69,naive,probability
998,mixed,11,14,32,lost,19,18,41,122,101,naive,probability
999,mixed,19,21,64,won,120,7,335,335,120,naive,probability
1000,mixed,16,20,50,won,79,1,270,270,79,naive,probability
1,beginner,9,9,10,won,12,0,71,71,12,subset,random
2,beginner,9,9,10,won,28,0,71,71,28,subset,random
3,beginner,9,9,10,won,12,0,71,71,12,subset,random
4,beginner,9,9,10,won,19,0,71,71,19,subset,random
5,beginner,9,9,10,won,16,0,71,71,16,subset,random
6,beginner,9,9,10,won,14,0,71,71,14,subset,random
7,beginner,9,9,10,won,16,0,71,71,16,subset,random
8,beginner,9,9,10,lost,19,1,70,71,21,subset,random
9,beginner,9,9,10,won,10,1,71,71,10,subset,random
10,beginner,9,9,10,won,15,0,71,71,15,subset,random
11,beginner,9,9,10,won,19,0,71,71,19,subset,random
12,beginner,9,9,10,won,30,0,71,71,30,subset,random
13,beginner,9,9,10,won,12,0,71,71,12,subset,random
14,beginner,9,9,10,won,22,1,71,71,22,subset,random
15,beginner,9,9,10,won,14,1,71,71,14,subset,random
16,beginner,9,9,10,won,16,0,71,71,16,subset,random
17,beginner,9,9,10,won,25,0,71,71,25,subset,random
18,beginner,9,9,10,won,21,0,71,71,21,subset,random
19,beginner,9,9,10,won,18,0,71,71,18,subset,random
20,beginner,9,9,10,won,15,0,71,71,15,subset,random
21,beginner,9,9,10,won,15,0,71,71,15,subset,random
22,beginner,9,9,10,won,19,0,71,71,19,subset,random
23,beginner,9,9,10,won,19,0,71,71,19,subset,random
24,beginner,9,9,10,won,18,0,71,71,18,subset,random
25,beginner,9,9,10,won,13,0,71,71,13,subset,random
26,beginner,9,9,10,won,24,0,71,71,24,subset,random
27,beginner,9,9,10,won,28,0,71,71,28,subset,random
28,beginner,9,9,10,won,13,0,71,71,13,subset,random
29,beginner,9,9,10,won,14,0,71,71,14,subset,random
30,beginner,9,9,10,won,20,0,71,71,20,subset,random
31,beginner,9,9,10,won,24,0,71,71,24,subset,random
32,beginner,9,9,10,won,20,1,71,71,20,subset,random
33,beginner,9,9,10,won,4,0,71,71,4,subset,random
34,beginner,9,9,10,won,25,1,71,71,25,subset,random
35,beginner,9,9,10,lost,14,1,71,71,15,subset,random
36,beginner,9,9,10,won,12,0,71,71,12,subset,random
37,beginner,9,9,10,won,14,0,71,71,14,subset,random
38,beginner,9,9,10,won,12,0,71,71,12,subset,random
39,beginner,9,9,10,won,27,0,71,71,27,subset,random
40,beginner,9,9,10,won,16,0,71,71,16,subset,random
41,beginner,9,9,10,won,20,0,71,71,20,subset,random
42,beginner,9,9,10,won,23,0,71,71,23,subset,random
43,beginner,9,9,10,won,22,0,71,71,22,subset,random
44,beginner,9,9,10,won,11,0,71,71,11,subset,random
45,beginner,9,9,10,won,10,0,71,71,10,subset,random
46,beginner,9,9,10,won,23,0,71,71,23,subset,random
47,beginner,9,9,10,won,20,0,71,71,20,subset,random
48,beginner,9,9,10,won,21,0,71,71,21,subset,random
49,beginner,9,9,10,won,15,0,71,71,15,subset,random
50,beginner,9,9,10,won,22,0,71,71,22,subset,random
51,beginner,9,9,10,won,20,1,71,71,20,subset,random
52,beginner,9,9,10,won,17,0,71,71,17,subset,random
53,beginner,9,9,10,won,21,0,71,71,21,subset,random
54,beginner,9,9,10,won,13,0,71,71,13,subset,random
55,beginner,9,9,10,won,7,0,71,71,7,subset,random
56,beginner,9,9,10,won,19,0,71,71,19,subset,random
57,beginner,9,9,10,won,17,0,71,71,17,subset,random
58,beginner,9,9,10,lost,21,1,70,71,23,subset,random
59,beginner,9,9,10,won,12,2,71,71,12,subset,random
60,beginner,9,9,10,won,18,0,71,71,18,subset,random
61,beginner,9,9,10,lost,4,1,68,71,8,subset,random
62,beginner,9,9,10,won,29,0,71,71,29,subset,random
63,beginner,9,9,10,won,18,0,71,71,18,subset,random
64,beginner,9,9,10,won,17,0,71,71,17,subset,random
65,beginner,9,9,10,won,17,0,71,71,17,subset,random
66,beginner,9,9,10,won,13,0,71,71,13,subset,random
67,beginner,9,9,10,won,21,1,71,71,21,subset,random
68,beginner,9,9,10,won,21,0,71,71,21,subset,random
69,beginner,9,9,10,won,23,0,71,71,23,subset,random
70,beginner,9,9,10,won,24,0,71,71,24,subset,random
71,beginner,9,9,10,won,16,0,71,71,16,subset,random
72,beginner,9,9,10,won,18,0,71,71,18,subset,random
73,beginner,9,9,10,won,10,0,71,71,10,subset,random
74,beginner,9,9,10,won,14,0,71,71,14,subset,random
75,beginner,9,9,10,won,16,0,71,71,16,subset,random
76,beginner,9,9,10,won,8,0,71,71,8,subset,random
77,beginner,9,9,10,won,14,0,71,71,14,subset,random
78,beginner,9,9,10,won,9,0,71,71,9,subset,random
79,beginner,9,9,10,won,9,0,71,71,9,subset,random
80,beginner,9,9,10,won,16,0,71,71,16,subset,random
81,beginner,9,9,10,won,14,0,71,71,14,subset,random
82,beginner,9,9,10,won,10,0,71,71,10,subset,random
83,beginner,9,9,10,won,9,0,71,71,9,subset,random
84,beginner,9,9,10,won,13,0,71,71,13,subset,random
85,beginner,9,9,10,won,17,0,71,71,17,subset,random
86,beginner,9,9,10,won,15,0,71,71,15,subset,random
87,beginner,9,9,10,won,7,1,71,71,7,subset,random
88,beginner,9,9,10,won,16,0,71,71,16,subset,random
89,beginner,9,9,10,won,27,0,71,71,27,subset,random
90,beginner,9,9,10,won,8,0,71,71,8,subset,random
91,beginner,9,9,10,won,21,0,71,71,21,subset,random
92,beginner,9,9,10,won,15,0,71,71,15,subset,random
93,beginner,9,9,10,won,21,0,71,71,21,subset,random
94,beginner,9,9,10,won,19,1,71,71,19,subset,random
95,beginner,9,9,10,won,9,0,71,71,9,subset,random
96,beginner,9,9,10,won,22,0,71,71,22,subset,random
97,beginner,9,9,10,won,20,0,71,71,20,subset,random
98,beginner,9,9,10,won,12,0,71,71,12,subset,random
99,beginner,9,9,10,won,25,0,71,71,25,subset,random
100,beginner,9,9,10,won,14,0,71,71,14,subset,random
101,beginner,9,9,10,won,28,0,71,71,28,subset,random
102,beginner,9,9,10,won,19,0,71,71,19,subset,random
103,beginner,9,9,10,won,28,0,71,71,28,subset,random
104,beginner,9,9,10,won,25,0,71,71,25,subset,random
105,beginner,9,9,10,won,17,0,71,71,17,subset,random
106,beginner,9,9,10,won,16,0,71,71,16,subset,random
107,beginner,9,9,10,won,16,0,71,71,16,subset,random
108,beginner,9,9,10,won,18,0,71,71,18,subset,random
109,beginner,9,9,10,won,18,0,71,71,18,subset,random
110,beginner,9,9,10,won,10,0,71,71,10,subset,random
111,beginner,9,9,10,won,25,0,71,71,25,subset,random
112,beginner,9,9,10,won,25,0,71,71,25,subset,random
113,beginner,9,9,10,won,18,1,71,71,18,subset,random
114,beginner,9,9,10,won,18,0,71,71,18,subset,random
115,beginner,9,9,10,won,19,0,71,71,19,subset,random
116,beginner,9,9,10,won,17,0,71,71,17,subset,random
117,beginner,9,9,10,won,12,0,71,71,12,subset,random
118,beginner,9,9,10,won,18,0,71,71,18,subset,random
119,beginner,9,9,10,won,27,1,71,71,27,subset,random
120,beginner,9,9,10,won,20,0,71,71,20,subset,random
121,beginner,9,9,10,won,16,0,71,71,16,subset,random
122,beginner,9,9,10,won,16,0,71,71,16,subset,random
123,beginner,9,9,10,won,15,0,71,71,15,subset,random
124,beginner,9,9,10,won,18,1,71,71,18,subset,random
125,beginner,9,9,10,won,22,0,71,71,22,subset,random
126,beginner,9,9,10,won,25,0,71,71,25,subset,random
127,beginner,9,9,10,won,32,1,71,71,32,subset,random
128,beginner,9,9,10,won,24,0,71,71,24,subset,random
129,beginner,9,9,10,won,24,2,71,71,24,subset,random
130,beginner,9,9,10,won,21,0,71,71,21,subset,random
131,beginner,9,9,10,won,13,0,71,71,13,subset,random
132,beginner,9,9,10,won,21,0,71,71,21,subset,random
133,beginner,9,9,10,won,13,0,71,71,13,subset,random
134,beginner,9,9,10,won,20,0,71,71,20,subset,random
135,beginner,9,9,10,won,9,0,71,71,9,subset,random
136,beginner,9,9,10,won,14,0,71,71,14,subset,random
137,beginner,9,9,10,won,18,0,71,71,18,subset,random
138,beginner,9,9,10,won,24,0,71,71,24,subset,random
139,beginner,9,9,10,won,24,0,71,71,24,subset,random
140,beginner,9,9,10,won,17,0,71,71,17,subset,random
141,beginner,9,9,10,won,32,0,71,71,32,subset,random
142,beginner,9,9,10,won,19,0,71,71,19,subset,random
143,beginner,9,9,10,won,25,0,71,71,25,subset,random
144,beginner,9,9,10,won,18,0,71,71,18,subset,random
145,beginner,9,9,10,won,24,0,71,71,24,subset,random
146,beginner,9,9,10,won,10,0,71,71,10,subset,random
147,beginner,9,9,10,won,17,0,71,71,17,subset,random
148,beginner,9,9,10,won,23,1,71,71,23,subset,random
149,beginner,9,9,10,won,7,0,71,71,7,subset,random
150,beginner,9,9,10,won,15,0,71,71,15,subset,random
151,beginner,9,9,10,won,14,0,71,71,14,subset,random
152,beginner,9,9,10,lost,4,3,18,71,58,subset,random
153,beginner,9,9,10,won,19,0,71,71,19,subset,random
154,beginner,9,9,10,won,13,1,71,71,13,subset,random
155,beginner,9,9,10,won,21,0,71,71,21,subset,random
156,beginner,9,9,10,won,9,0,71,71,9,subset,random
157,beginner,9,9,10,won,24,1,71,71,24,subset,random
158,beginner,9,9,10,lost,16,1,63,71,25,subset,random
159,beginner,9,9,10,won,16,0,71,71,16,subset,random
160,beginner,9,9,10,won,28,1,71,71,28,subset,random
161,beginner,9,9,10,won,25,0,71,71,25,subset,random
162,beginner,9,9,10,won,14,0,71,71,14,subset,random
163,beginner,9,9,10,won,23,0,71,71,23,subset,random
164,beginner,9,9,10,won,14,0,71,71,14,subset,random
165,beginner,9,9,10,won,16,0,71,71,16,subset,random
166,beginner,9,9,10,won,16,0,71,71,16,subset,random
167,beginner,9,9,10,won,17,0,71,71,17,subset,random
168,beginner,9,9,10,won,16,0,71,71,16,subset,random
169,beginner,9,9,10,won,29,0,71,71,29,subset,random
170,beginner,9,9,10,won,20,0,71,71,20,subset,random
171,beginner,9,9,10,won,20,0,71,71,20,subset,random
172,beginner,9,9,10,won,25,0,71,71,25,subset,random
173,beginner,9,9,10,won,15,0,71,71,15,subset,random
174,beginner,9,9,10,won,21,0,71,71,21,subset,random
175,beginner,9,9,10,won,16,0,71,71,16,subset,random
176,beginner,9,9,10,won,18,0,71,71,18,subset,random
177,beginner,9,9,10,won,20,0,71,71,20,subset,random
178,beginner,9,9,10,won,27,0,71,71,27,subset,random
179,beginner,9,9,10,won,21,0,71,71,21,subset,random
180,beginner,9,9,10,won,13,1,71,71,13,subset,random
181,beginner,9,9,10,won,14,0,71,71,14,subset,random
182,beginner,9,9,10,won,18,0,71,71,18,subset,random
183,beginner,9,9,10,won,22,0,71,71,22,subset,random
184,beginner,9,9,10,won,21,1,71,71,21,subset,random
185,beginner,9,9,10,won,15,0,71,71,15,subset,random
186,beginner,9,9,10,won,12,0,71,71,12,subset,random
187,beginner,9,9,10,won,15,0,71,71,15,subset,random
188,beginner,9,9,10,won,21,0,71,71,21,subset,random
189,beginner,9,9,10,won,18,0,71,71,18,subset,random
190,beginner,9,9,10,won,9,0,71,71,9,subset,random
191,beginner,9,9,10,won,12,0,71,71,12,subset,random
192,beginner,9,9,10,won,18,2,71,71,18,subset,random
193,beginner,9,9,10,won,21,0,71,71,21,subset,random
194,beginner,9,9,10,won,16,0,71,71,16,subset,random
195,beginner,9,9,10,won,12,0,71,71,12,subset,random
196,beginner,9,9,10,won,16,0,71,71,16,subset,random
197,beginner,9,9,10,won,26,0,71,71,26,subset,random
198,beginner,9,9,10,won,26,0,71,71,26,subset,random
199,beginner,9,9,10,won,11,0,71,71,11,subset,random
200,beginner,9,9,10,won,16,0,71,71,16,subset,random
201,beginner,9,9,10,won,22,1,71,71,22,subset,random
202,beginner,9,9,10,won,20,0,71,71,20,subset,random
203,beginner,9,9,10,won,18,0,71,71,18,subset,random
204,beginner,9,9,10,won,23,0,71,71,23,subset,random
205,beginner,9,9,10,won,23,0,71,71,23,subset,random
206,beginner,9,9,10,won,13,0,71,71,13,subset,random
207,beginner,9,9,10,won,19,0,71,71,19,subset,random
208,beginner,9,9,10,won,17,0,71,71,17,subset,random
209,beginner,9,9,10,won,14,0,71,71,14,subset,random
210,beginner,9,9,10,won,13,0,71,71,13,subset,random
211,beginner,9,9,10,won,14,0,71,71,14,subset,random
212,beginner,9,9,10,won,12,0,71,71,12,subset,random
213,beginner,9,9,10,won,21,0,71,71,21,subset,random
214,beginner,9,9,10,won,21,0,71,71,21,subset,random
215,beginner,9,9,10,won,16,1,71,71,16,subset,random
216,beginner,9,9,10,won,9,1,71,71,9,subset,random
217,beginner,9,9,10,won,22,1,71,71,22,subset,random
218,beginner,9,9,10,won,26,1,71,71,26,subset,random
219,beginner,9,9,10,won,13,0,71,71,13,subset,random
220,beginner,9,9,10,won,14,1,71,71,14,subset,random
221,beginner,9,9,10,won,20,0,71,71,20,subset,random
222,beginner,9,9,10,won,16,0,71,71,16,subset,random
223,beginner,9,9,10,lost,5,1,39,71,38,subset,random
224,beginner,9,9,10,won,19,0,71,71,19,subset,random
225,beginner,9,9,10,won,11,0,71,71,11,subset,random
226,beginner,9,9,10,won,24,0,71,71,24,subset,random
227,beginner,9,9,10,won,22,0,71,71,22,subset,random
228,beginner,9,9,10,won,15,0,71,71,15,subset,random
229,beginner,9,9,10,won,28,0,71,71,28,subset,random
230,beginner,9,9,10,won,28,0,71,71,28,subset,random
231,beginner,9,9,10,won,17,0,71,71,17,subset,random
232,beginner,9,9,10,won,19,0,71,71,19,subset,random
233,beginner,9,9,10,won,19,0,71,71,19,subset,random
234,beginner,9,9,10,won,18,0,71,71,18,subset,random
235,beginner,9,9,10,won,16,0,71,71,16,subset,random
236,beginner,9,9,10,won,15,0,71,71,15,subset,random
237,beginner,9,9,10,lost,15,1,71,71,16,subset,random
238,beginner,9,9,10,won,14,0,71,71,14,subset,random
239,beginner,9,9,10,won,15,0,71,71,15,subset,random
240,beginner,9,9,10,won,20,0,71,71,20,subset,random
241,beginner,9,9,10,won,15,1,71,71,15,subset,random
242,beginner,9,9,10,won,22,0,71,71,22,subset,random
243,beginner,9,9,10,won,17,0,71,71,17,subset,random
244,beginner,9,9,10,won,19,0,71,71,19,subset,random
245,beginner,9,9,10,won,21,0,71,71,21,subset,random
246,beginner,9,9,10,won,20,0,71,71,20,subset,random
247,beginner,9,9,10,won,20,0,71,71,20,subset,random
248,beginner,9,9,10,won,12,0,71,71,12,subset,random
249,beginner,9,9,10,won,14,0,71,71,14,subset,random
250,beginner,9,9,10,won,28,0,71,71,28,subset,random
251,beginner,9,9,10,won,13,0,71,71,13,subset,random
252,beginner,9,9,10,won,12,0,71,71,12,subset,random
253,beginner,9,9,10,won,14,0,71,71,14,subset,random
254,beginner,9,9,10,won,22,0,71,71,22,subset,random
255,beginner,9,9,10,won,24,0,71,71,24,subset,random
256,beginner,9,9,10,won,14,0,71,71,14,subset,random
257,beginner,9,9,10,won,9,0,71,71,9,subset,random
258,beginner,9,9,10,won,14,0,71,71,14,subset,random
259,beginner,9,9,10,won,32,1,71,71,32,subset,random
260,beginner,9,9,10,won,13,0,71,71,13,subset,random
261,beginner,9,9,10,won,14,1,71,71,14,subset,random
262,beginner,9,9,10,won,12,0,71,71,12,subset,random
263,beginner,9,9,10,won,19,0,71,71,19,subset,random
264,beginner,9,9,10,won,21,1,71,71,21,subset,random
265,beginner,9,9,10,won,23,1,71,71,23,subset,random
266,beginner,9,9,10,won,18,0,71,71,18,subset,random
267,beginner,9,9,10,won,12,0,71,71,12,subset,random
268,beginner,9,9,10,won,20,0,71,71,20,subset,random
269,beginner,9,9,10,won,12,0,71,71,12,subset,random
270,beginner,9,9,10,won,22,0,71,71,22,subset,random
271,beginner,9,9,10,won,17,0,71,71,17,subset,random
272,beginner,9,9,10,lost,24,1,66,71,30,subset,random
273,beginner,9,9,10,won,16,0,71,71,16,subset,random
274,beginner,9,9,10,won,7,0,71,71,7,subset,random
275,beginner,9,9,10,won,26,0,71,71,26,subset,random
276,beginner,9,9,10,won,15,0,71,71,15,subset,random
277,beginner,9,9,10,won,20,0,71,71,20,subset,random
278,beginner,9,9,10,won,23,0,71,71,23,subset,random
279,beginner,9,9,10,won,23,0,71,71,23,subset,random
280,beginner,9,9,10,won,13,1,71,71,13,subset,random
281,beginner,9,9,10,won,12,0,71,71,12,subset,random
282,beginner,9,9,10,won,12,0,71,71,12,subset,random
283,beginner,9,9,10,won,18,0,71,71,18,subset,random
284,beginner,9,9,10,won,9,0,71,71,9,subset,random
285,beginner,9,9,10,won,20,0,71,71,20,subset,random
286,beginner,9,9,10,won,18,0,71,71,18,subset,random
287,beginner,9,9,10,won,12,0,71,71,12,subset,random
288,beginner,9,9,10,won,13,1,71,71,13,subset,random
289,beginner,9,9,10,won,19,0,71,71,19,subset,random
290,beginner,9,9,10,won,18,0,71,71,18,subset,random
291,beginner,9,9,10,won,14,0,71,71,14,subset,random
292,beginner,9,9,10,won,24,1,71,71,24,subset,random
293,beginner,9,9,10,won,13,0,71,71,13,subset,random
294,beginner,9,9,10,won,17,0,71,71,17,subset,random
295,beginner,9,9,10,won,7,0,71,71,7,subset,random
296,beginner,9,9,10,won,21,0,71,71,21,subset,random
297,beginner,9,9,10,won,14,0,71,71,14,subset,random
298,beginner,9,9,10,won,15,0,71,71,15,subset,random
299,beginner,9,9,10,won,21,0,71,71,21,subset,random
300,beginner,9,9,10,won,9,0,71,71,9,subset,random
301,intermediate,16,16,40,won,78,0,216,216,78,subset,random
302,intermediate,16,16,40,won,98,0,216,216,98,subset,random
303,intermediate,16,16,40,lost,59,1,215,216,61,subset,random
304,intermediate,16,16,40,lost,64,1,210,216,71,subset,random
305,intermediate,16,16,40,won,82,0,216,216,82,subset,random
306,intermediate,16,16,40,lost,4,3,15,216,206,subset,random
307,intermediate,16,16,40,won,74,1,216,216,74,subset,random
308,intermediate,16,16,40,won,82,1,216,216,82,subset,random
309,intermediate,16,16,40,lost,17,15,42,216,192,subset,random
310,intermediate,16,16,40,lost,3,2,17,216,203,subset,random
311,intermediate,16,16,40,lost,74,1,213,216,78,subset,random
312,intermediate,16,16,40,won,73,0,216,216,73,subset,random
313,intermediate,16,16,40,won,112,1,216,216,112,subset,random
314,intermediate,16,16,40,won,75,0,216,216,75,subset,random
315,intermediate,16,16,40,won,69,3,216,216,69,subset,random
316,intermediate,16,16,40,won,90,0,216,216,90,subset,random
317,intermediate,16,16,40,lost,99,1,216,216,100,subset,random
318,intermediate,16,16,40,lost,32,1,106,216,143,subset,random
319,intermediate,16,16,40,won,81,0,216,216,81,subset,random
320,intermediate,16,16,40,won,105,9,216,216,105,subset,random
321,intermediate,16,16,40,won,87,0,216,216,87,subset,random
322,intermediate,16,16,40,lost,61,1,215,216,63,subset,random
323,intermediate,16,16,40,won,78,0,216,216,78,subset,random
324,intermediate,16,16,40,lost,3,1,24,216,196,subset,random
325,intermediate,16,16,40,won,83,1,216,216,83,subset,random
326,intermediate,16,16,40,won,69,0,216,216,69,subset,random
327,intermediate,16,16,40,won,73,0,216,216,73,subset,random
328,intermediate,16,16,40,won,89,0,216,216,89,subset,random
329,intermediate,16,16,40,won,83,0,216,216,83,subset,random
330,intermediate,16,16,40,won,68,1,216,216,68,subset,random
331,intermediate,16,16,40,won,93,1,216,216,93,subset,random
332,intermediate,16,16,40,won,83,0,216,216,83,subset,random
333,intermediate,16,16,40,won,90,0,216,216,90,subset,random
334,intermediate,16,16,40,won,116,0,216,216,116,subset,random
335,intermediate,16,16,40,won,64,1,216,216,64,subset,random
336,intermediate,16,16,40,won,82,0,216,216,82,subset,random
337,intermediate,16,16,40,won,83,3,216,216,83,subset,random
338,intermediate,16,16,40,won,74,0,216,216,74,subset,random
339,intermediate,16,16,40,won,97,1,216,216,97,subset,random
340,intermediate,16,16,40,won,74,0,216,216,74,subset,random
341,intermediate,16,16,40,won,73,0,216,216,73,subset,random
342,intermediate,16,16,40,won,67,2,216,216,67,subset,random
343,intermediate,16,16,40,won,67,4,216,216,67,subset,random
344,intermediate,16,16,40,won,84,0,216,216,84,subset,random
345,intermediate,16,16,40,won,87,0,216,216,87,subset,random
346,intermediate,16,16,40,won,73,2,216,216,73,subset,random
347,intermediate,16,16,40,won,67,1,216,216,67,subset,random
348,intermediate,16,16,40,won,55,0,216,216,55,subset,random
349,intermediate,16,16,40,won,67,1,216,216,67,subset,random
350,intermediate,16,16,40,won,70,2,216,216,70,subset,random
351,intermediate,16,16,40,won,79,1,216,216,79,subset,random
352,intermediate,16,16,40,won,71,0,216,216,71,subset,random
353,intermediate,16,16,40,won,79,0,216,216,79,subset,random
354,intermediate,16,16,40,won,70,3,216,216,70,subset,random
355,intermediate,16,16,40,won,77,0,216,216,77,subset,random
356,intermediate,16,16,40,won,61,1,216,216,61,subset,random
357,intermediate,16,16,40,lost,77,1,215,216,79,subset,random
358,intermediate,16,16,40,won,87,2,216,216,87,subset,random
359,intermediate,16,16,40,won,88,0,216,216,88,subset,random
360,intermediate,16,16,40,won,91,0,216,216,91,subset,random
361,intermediate,16,16,40,lost,84,1,188,216,113,subset,random
362,intermediate,16,16,40,won,67,1,216,216,67,subset,random
363,intermediate,16,16,40,lost,73,1,215,216,75,subset,random
364,intermediate,16,16,40,lost,2,1,16,216,203,subset,random
365,intermediate,16,16,40,won,82,1,216,216,82,subset,random
366,intermediate,16,16,40,lost,89,2,216,216,90,subset,random
367,intermediate,16,16,40,lost,77,4,202,216,92,subset,random
368,intermediate,16,16,40,won,72,0,216,216,72,subset,random
369,intermediate,16,16,40,lost,69,1,202,216,84,subset,random
370,intermediate,16,16,40,lost,86,1,215,216,88,subset,random
371,intermediate,16,16,40,won,87,0,216,216,87,subset,random
372,intermediate,16,16,40,won,86,0,216,216,86,subset,random
373,intermediate,16,16,40,won,84,2,216,216,84,subset,random
374,intermediate,16,16,40,won,79,1,216,216,79,subset,random
375,intermediate,16,16,40,won,109,0,216,216,109,subset,random
376,intermediate,16,16,40,won,65,0,216,216,65,subset,random
377,intermediate,16,16,40,won,68,0,216,216,68,subset,random
378,intermediate,16,16,40,won,72,0,216,216,72,subset,random
379,intermediate,16,16,40,won,81,0,216,216,81,subset,random
380,intermediate,16,16,40,won,95,0,216,216,95,subset,random
381,intermediate,16,16,40,lost,14,5,36,216,195,subset,random
382,intermediate,16,16,40,won,65,0,216,216,65,subset,random
383,intermediate,16,16,40,won,81,1,216,216,81,subset,random
384,intermediate,16,16,40,won,95,0,216,216,95,subset,random
385,intermediate,16,16,40,lost,42,1,215,216,44,subset,random
386,intermediate,16,16,40,lost,71,1,216,216,72,subset,random
387,intermediate,16,16,40,lost,73,1,208,216,82,subset,random
388,intermediate,16,16,40,won,108,4,216,216,108,subset,random
389,intermediate,16,16,40,won,77,0,216,216,77,subset,random
390,intermediate,16,16,40,lost,81,2,214,216,84,subset,random
391,intermediate,16,16,40,lost,78,2,215,216,80,subset,random
392,intermediate,16,16,40,won,77,0,216,216,77,subset,random
393,intermediate,16,16,40,won,87,0,216,216,87,subset,random
394,intermediate,16,16,40,won,65,0,216,216,65,subset,random
395,intermediate,16,16,40,won,68,0,216,216,68,subset,random
396,intermediate,16,16,40,lost,61,1,171,216,107,subset,random
397,intermediate,16,16,40,won,85,0,216,216,85,subset,random
398,intermediate,16,16,40,won,72,0,216,216,72,subset,random
399,intermediate,16,16,40,won,93,1,216,216,93,subset,random
400,intermediate,16,16,40,won,96,0,216,216,96,subset,random
401,intermediate,16,16,40,won,92,0,216,216,92,subset,random
402,intermediate,16,16,40,won,57,0,216,216,57,subset,random
403,intermediate,16,16,40,won,65,1,216,216,65,subset,random
404,intermediate,16,16,40,won,69,0,216,216,69,subset,random
405,intermediate,16,16,40,won,90,0,216,216,90,subset,random
406,intermediate,16,16,40,won,74,0,216,216,74,subset,random
407,intermediate,16,16,40,lost,79,1,216,216,80,subset,random
408,intermediate,16,16,40,won,81,1,216,216,81,subset,random
409,intermediate,16,16,40,won,100,1,216,216,100,subset,random
410,intermediate,16,16,40,won,91,0,216,216,91,subset,random
411,intermediate,16,16,40,won,55,0,216,216,55,subset,random
412,intermediate,16,16,40,lost,79,5,216,216,80,subset,random
413,intermediate,16,16,40,won,78,1,216,216,78,subset,random
414,intermediate,16,16,40,won,74,2,216,216,74,subset,random
415,intermediate,16,16,40,won,74,0,216,216,74,subset,random
416,intermediate,16,16,40,lost,2,1,13,216,206,subset,random
417,intermediate,16,16,40,lost,4,3,18,216,203,subset,random
418,intermediate,16,16,40,won,99,0,216,216,99,subset,random
419,intermediate,16,16,40,won,94,0,216,216,94,subset,random
420,intermediate,16,16,40,won,67,2,216,216,67,subset,random
421,intermediate,16,16,40,lost,74,2,206,216,85,subset,random
422,intermediate,16,16,40,won,84,0,216,216,84,subset,random
423,intermediate,16,16,40,won,112,0,216,216,112,subset,random
424,intermediate,16,16,40,lost,79,2,203,216,93,subset,random
425,intermediate,16,16,40,lost,86,1,216,216,87,subset,random
426,intermediate,16,16,40,won,71,0,216,216,71,subset,random
427,intermediate,16,16,40,lost,72,1,215,216,74,subset,random
428,intermediate,16,16,40,won,75,5,216,216,75,subset,random
429,intermediate,16,16,40,won,80,0,216,216,80,subset,random
430,intermediate,16,16,40,won,86,0,216,216,86,subset,random
431,intermediate,16,16,40,won,73,0,216,216,73,subset,random
432,intermediate,16,16,40,won,77,0,216,216,77,subset,random
433,intermediate,16,16,40,won,83,0,216,216,83,subset,random
434,intermediate,16,16,40,won,87,0,216,216,87,subset,random
435,intermediate,16,16,40,won,85,0,216,216,85,subset,random
436,intermediate,16,16,40,won,74,0,216,216,74,subset,random
437,intermediate,16,16,40,won,70,0,216,216,70,subset,random
438,intermediate,16,16,40,won,92,0,216,216,92,subset,random
439,intermediate,16,16,40,won,92,0,216,216,92,subset,random
440,intermediate,16,16,40,lost,81,1,209,216,89,subset,random
441,intermediate,16,16,40,won,97,0,216,216,97,subset,random
442,intermediate,16,16,40,lost,74,1,182,216,109,subset,random
443,intermediate,16,16,40,lost,80,2,216,216,81,subset,random
444,intermediate,16,16,40,won,83,0,216,216,83,subset,random
445,intermediate,16,16,40,won,72,2,216,216,72,subset,random
446,intermediate,16,16,40,lost,108,2,216,216,109,subset,random
447,intermediate,16,16,40,won,82,0,216,216,82,subset,random
448,intermediate,16,16,40,lost,84,2,215,216,86,subset,random
449,intermediate,16,16,40,won,78,1,216,216,78,subset,random
450,intermediate,16,16,40,lost,13,1,79,216,151,subset,random
451,intermediate,16,16,40,won,83,0,216,216,83,subset,random
452,intermediate,16,16,40,lost,77,1,214,216,80,subset,random
453,intermediate,16,16,40,won,91,0,216,216,91,subset,random
454,intermediate,16,16,40,won,67,0,216,216,67,subset,random
455,intermediate,16,16,40,lost,77,1,216,216,78,subset,random
456,intermediate,16,16,40,won,92,0,216,216,92,subset,random
457,intermediate,16,16,40,won,82,0,216,216,82,subset,random
458,intermediate,16,16,40,won,64,0,216,216,64,subset,random
459,intermediate,16,16,40,lost,60,1,204,216,73,subset,random
460,intermediate,16,16,40,won,84,3,216,216,84,subset,random
461,intermediate,16,16,40,won,56,0,216,216,56,subset,random
462,intermediate,16,16,40,won,89,0,216,216,89,subset,random
463,intermediate,16,16,40,won,103,0,216,216,103,subset,random
464,intermediate,16,16,40,lost,72,2,211,216,78,subset,random
465,intermediate,16,16,40,lost,87,1,214,216,90,subset,random
466,intermediate,16,16,40,won,56,1,216,216,56,subset,random
467,intermediate,16,16,40,lost,85,1,216,216,86,subset,random
468,intermediate,16,16,40,won,84,0,216,216,84,subset,random
469,intermediate,16,16,40,lost,78,1,216,216,79,subset,random
470,intermediate,16,16,40,won,82,0,216,216,82,subset,random
471,intermediate,16,16,40,won,84,0,216,216,84,subset,random
472,intermediate,16,16,40,lost,72,1,215,216,74,subset,random
473,intermediate,16,16,40,won,115,3,216,216,115,subset,random
474,intermediate,16,16,40,won,83,0,216,216,83,subset,random
475,intermediate,16,16,40,won,89,0,216,216,89,subset,random
476,intermediate,16,16,40,lost,43,1,196,216,64,subset,random
477,intermediate,16,16,40,won,80,3,216,216,80,subset,random
478,intermediate,16,16,40,won,82,0,216,216,82,subset,random
479,intermediate,16,16,40,won,85,1,216,216,85,subset,random
480,intermediate,16,16,40,won,88,0,216,216,88,subset,random
481,intermediate,16,16,40,won,72,1,216,216,72,subset,random
482,intermediate,16,16,40,lost,3,2,14,216,206,subset,random
483,intermediate,16,16,40,won,103,0,216,216,103,subset,random
484,intermediate,16,16,40,won,81,4,216,216,81,subset,random
485,intermediate,16,16,40,won,81,0,216,216,81,subset,random
486,intermediate,16,16,40,lost,72,2,212,216,77,subset,random
487,intermediate,16,16,40,lost,56,2,214,216,59,subset,random
488,intermediate,16,16,40,won,83,0,216,216,83,subset,random
489,intermediate,16,16,40,lost,2,1,16,216,203,subset,random
490,intermediate,16,16,40,lost,56,3,201,216,72,subset,random
491,intermediate,16,16,40,won,77,0,216,216,77,subset,random
492,intermediate,16,16,40,won,101,0,216,216,101,subset,random
493,intermediate,16,16,40,won,82,0,216,216,82,subset,random
494,intermediate,16,16,40,won,59,0,216,216,59,subset,random
495,intermediate,16,16,40,won,99,0,216,216,99,subset,random
496,intermediate,16,16,40,lost,74,1,210,216,81,subset,random
497,intermediate,16,16,40,won,84,0,216,216,84,subset,random
498,intermediate,16,16,40,lost,23,1,97,216,143,subset,random
499,intermediate,16,16,40,won,93,2,216,216,93,subset,random
500,intermediate,16,16,40,won,77,3,216,216,77,subset,random
501,intermediate,16,16,40,won,87,0,216,216,87,subset,random
502,intermediate,16,16,40,won,76,1,216,216,76,subset,random
503,intermediate,16,16,40,won,83,3,216,216,83,subset,random
504,intermediate,16,16,40,won,79,0,216,216,79,subset,random
505,intermediate,16,16,40,lost,63,1,216,216,64,subset,random
506,intermediate,16,16,40,won,99,0,216,216,99,subset,random
507,intermediate,16,16,40,won,109,0,216,216,109,subset,random
508,intermediate,16,16,40,won,71,0,216,216,71,subset,random
509,intermediate,16,16,40,lost,69,2,159,216,127,subset,random
510,intermediate,16,16,40,won,79,0,216,216,79,subset,random
511,intermediate,16,16,40,won,106,4,216,216,106,subset,random
512,intermediate,16,16,40,lost,103,1,202,216,118,subset,random
513,intermediate,16,16,40,won,72,0,216,216,72,subset,random
514,intermediate,16,16,40,won,92,5,216,216,92,subset,random
515,intermediate,16,16,40,lost,86,1,215,216,88,subset,random
516,intermediate,16,16,40,won,89,0,216,216,89,subset,random
517,intermediate,16,16,40,won,66,0,216,216,66,subset,random
518,intermediate,16,16,40,won,60,0,216,216,60,subset,random
519,intermediate,16,16,40,won,89,0,216,216,89,subset,random
520,intermediate,16,16,40,lost,2,1,21,216,198,subset,random
521,intermediate,16,16,40,won,79,1,216,216,79,subset,random
522,intermediate,16,16,40,lost,65,1,216,216,66,subset,random
523,intermediate,16,16,40,won,69,0,216,216,69,subset,random
524,intermediate,16,16,40,won,61,3,216,216,61,subset,random
525,intermediate,16,16,40,won,60,0,216,216,60,subset,random
526,intermediate,16,16,40,won,97,0,216,216,97,subset,random
527,intermediate,16,16,40,won,85,0,216,216,85,subset,random
528,intermediate,16,16,40,won,91,0,216,216,91,subset,random
529,intermediate,16,16,40,won,67,0,216,216,67,subset,random
530,intermediate,16,16,40,won,66,0,216,216,66,subset,random
531,intermediate,16,16,40,won,90,0,216,216,90,subset,random
532,intermediate,16,16,40,lost,87,1,214,216,90,subset,random
533,intermediate,16,16,40,won,80,0,216,216,80,subset,random
534,intermediate,16,16,40,won,96,1,216,216,96,subset,random
535,intermediate,16,16,40,lost,93,1,212,216,98,subset,random
536,intermediate,16,16,40,won,95,0,216,216,95,subset,random
537,intermediate,16,16,40,won,86,2,216,216,86,subset,random
538,intermediate,16,16,40,won,71,1,216,216,71,subset,random
539,intermediate,16,16,40,won,56,1,216,216,56,subset,random
540,intermediate,16,16,40,won,85,1,216,216,85,subset,random
541,intermediate,16,16,40,won,60,1,216,216,60,subset,random
542,intermediate,16,16,40,won,74,0,216,216,74,subset,random
543,intermediate,16,16,40,lost,3,2,11,216,209,subset,random
544,intermediate,16,16,40,won,65,2,216,216,65,subset,random
545,intermediate,16,16,40,lost,78,1,216,216,79,subset,random
546,intermediate,16,16,40,won,68,0,216,216,68,subset,random
547,intermediate,16,16,40,lost,83,2,215,216,85,subset,random
548,intermediate,16,16,40,won,89,0,216,216,89,subset,random
549,intermediate,16,16,40,lost,80,1,209,216,88,subset,random
550,intermediate,16,16,40,lost,72,1,214,216,75,subset,random
551,intermediate,16,16,40,won,106,1,216,216,106,subset,random
552,intermediate,16,16,40,won,96,0,216,216,96,subset,random
553,intermediate,16,16,40,lost,54,1,216,216,55,subset,random
554,intermediate,16,16,40,won,63,0,216,216,63,subset,random
555,intermediate,16,16,40,won,62,0,216,216,62,subset,random
556,intermediate,16,16,40,won,91,0,216,216,91,subset,random
557,intermediate,16,16,40,lost,78,1,212,216,83,subset,random
558,intermediate,16,16,40,won,103,0,216,216,103,subset,random
559,intermediate,16,16,40,won,108,1,216,216,108,subset,random
560,intermediate,16,16,40,won,80,0,216,216,80,subset,random
561,intermediate,16,16,40,lost,3,1,20,216,200,subset,random
562,intermediate,16,16,40,won,94,0,216,216,94,subset,random
563,intermediate,16,16,40,lost,93,1,215,216,95,subset,random
564,intermediate,16,16,40,won,79,3,216,216,79,subset,random
565,intermediate,16,16,40,won,63,0,216,216,63,subset,random
566,intermediate,16,16,40,won,91,0,216,216,91,subset,random
567,intermediate,16,16,40,won,81,0,216,216,81,subset,random
568,intermediate,16,16,40,lost,63,1,211,216,69,subset,random
569,intermediate,16,16,40,won,65,1,216,216,65,subset,random
570,intermediate,16,16,40,won,66,0,216,216,66,subset,random
571,intermediate,16,16,40,won,104,0,216,216,104,subset,random
572,intermediate,16,16,40,won,72,0,216,216,72,subset,random
573,intermediate,16,16,40,won,81,0,216,216,81,subset,random
574,intermediate,16,16,40,lost,3,2,11,216,209,subset,random
575,intermediate,16,16,40,won,76,1,216,216,76,subset,random
576,intermediate,16,16,40,won,77,0,216,216,77,subset,random
577,intermediate,16,16,40,won,110,1,216,216,110,subset,random
578,intermediate,16,16,40,won,83,0,216,216,83,subset,random
579,intermediate,16,16,40,won,75,0,216,216,75,subset,random
580,intermediate,16,16,40,won,79,2,216,216,79,subset,random
581,intermediate,16,16,40,lost,64,4,212,216,69,subset,random
582,intermediate,16,16,40,won,78,1,216,216,78,subset,random
583,intermediate,16,16,40,won,80,2,216,216,80,subset,random
584,intermediate,16,16,40,won,87,0,216,216,87,subset,random
585,intermediate,16,16,40,won,81,0,216,216,81,subset,random
586,intermediate,16,16,40,won,48,0,216,216,48,subset,random
587,intermediate,16,16,40,won,86,0,216,216,86,subset,random
588,intermediate,16,16,40,won,67,0,216,216,67,subset,random
589,intermediate,16,16,40,won,79,1,216,216,79,subset,random
590,intermediate,16,16,40,won,91,2,216,216,91,subset,random
591,intermediate,16,16,40,won,78,0,216,216,78,subset,random
592,intermediate,16,16,40,won,77,1,216,216,77,subset,random
593,intermediate,16,16,40,won,58,0,216,216,58,subset,random
594,intermediate,16,16,40,lost,87,1,216,216,88,subset,random
595,intermediate,16,16,40,lost,73,1,216,216,74,subset,random
596,intermediate,16,16,40,won,72,1,216,216,72,subset,random
597,intermediate,16,16,40,won,62,1,216,216,62,subset,random
598,intermediate,16,16,40,won,67,0,216,216,67,subset,random
599,intermediate,16,16,40,won,84,2,216,216,84,subset,random
600,intermediate,16,16,40,lost,2,1,17,216,202,subset,random
601,expert,30,16,99,lost,141,4,333,381,190,subset,random
602,expert,30,16,99,lost,181,1,375,381,188,subset,random
603,expert,30,16,99,lost,175,1,358,381,199,subset,random
604,expert,30,16,99,lost,100,2,216,381,266,subset,random
605,expert,30,16,99,lost,3,1,14,381,371,subset,random
606,expert,30,16,99,lost,143,7,275,381,250,subset,random
607,expert,30,16,99,lost,203,3,371,381,214,subset,random
608,expert,30,16,99,won,216,4,381,381,216,subset,random
609,expert,30,16,99,lost,4,3,19,381,367,subset,random
610,expert,30,16,99,lost,18,10,47,381,353,subset,random
611,expert,30,16,99,lost,137,8,374,381,145,subset,random
612,expert,30,16,99,lost,174,2,358,381,198,subset,random
613,expert,30,16,99,lost,2,1,25,381,359,subset,random
614,expert,30,16,99,won,170,2,381,381,170,subset,random
615,expert,30,16,99,lost,249,3,376,381,255,subset,random
616,expert,30,16,99,lost,99,2,193,381,288,subset,random
617,expert,30,16,99,lost,70,1,139,381,313,subset,random
618,expert,30,16,99,lost,2,1,13,381,371,subset,random
619,expert,30,16,99,lost,182,1,371,381,193,subset,random
620,expert,30,16,99,lost,6,3,23,381,365,subset,random
621,expert,30,16,99,won,241,2,381,381,241,subset,random
622,expert,30,16,99,lost,181,2,374,381,189,subset,random
623,expert,30,16,99,lost,130,2,320,381,192,subset,random
624,expert,30,16,99,lost,89,1,213,381,258,subset,random
625,expert,30,16,99,lost,197,4,372,381,207,subset,random
626,expert,30,16,99,lost,203,3,351,381,234,subset,random
627,expert,30,16,99,lost,219,1,378,381,223,subset,random
628,expert,30,16,99,lost,7,6,21,381,368,subset,random
629,expert,30,16,99,won,218,1,381,381,218,subset,random
630,expert,30,16,99,won,185,6,381,381,185,subset,random
631,expert,30,16,99,lost,166,5,288,381,260,subset,random
632,expert,30,16,99,lost,204,1,371,381,215,subset,random
633,expert,30,16,99,lost,115,1,260,381,237,subset,random
634,expert,30,16,99,lost,3,2,18,381,367,subset,random
635,expert,30,16,99,lost,221,3,363,381,240,subset,random
636,expert,30,16,99,won,199,0,381,381,199,subset,random
637,expert,30,16,99,lost,2,1,29,381,355,subset,random
638,expert,30,16,99,lost,112,3,240,381,254,subset,random
639,expert,30,16,99,lost,21,4,89,381,314,subset,random
640,expert,30,16,99,lost,156,3,339,381,199,subset,random
641,expert,30,16,99,lost,114,5,178,381,318,subset,random
642,expert,30,16,99,lost,164,5,317,381,229,subset,random
643,expert,30,16,99,lost,191,7,376,381,197,subset,random
644,expert,30,16,99,lost,199,2,373,381,208,subset,random
645,expert,30,16,99,lost,187,2,379,381,190,subset,random
646,expert,30,16,99,lost,172,3,311,381,243,subset,random
647,expert,30,16,99,lost,70,12,212,381,240,subset,random
648,expert,30,16,99,lost,191,1,380,381,193,subset,random
649,expert,30,16,99,won,212,1,381,381,212,subset,random
650,expert,30,16,99,lost,205,10,362,381,225,subset,random
651,expert,30,16,99,lost,131,1,291,381,222,subset,random
652,expert,30,16,99,lost,26,1,46,381,362,subset,random
653,expert,30,16,99,lost,7,5,28,381,361,subset,random
654,expert,30,16,99,lost,148,2,277,381,253,subset,random
655,expert,30,16,99,lost,89,1,194,381,277,subset,random
656,expert,30,16,99,lost,153,1,331,381,204,subset,random
657,expert,30,16,99,lost,8,5,27,381,363,subset,random
658,expert,30,16,99,lost,191,2,320,381,253,subset,random
659,expert,30,16,99,lost,178,11,376,381,184,subset,random
660,expert,30,16,99,lost,160,4,346,381,196,subset,random
661,expert,30,16,99,lost,175,1,357,381,200,subset,random
662,expert,30,16,99,lost,2,1,13,381,371,subset,random
663,expert,30,16,99,lost,149,1,293,381,238,subset,random
664,expert,30,16,99,lost,153,2,371,381,164,subset,random
665,expert,30,16,99,won,160,2,381,381,160,subset,random
666,expert,30,16,99,lost,3,1,20,381,365,subset,random
667,expert,30,16,99,lost,98,2,192,381,288,subset,random
668,expert,30,16,99,lost,233,1,379,381,236,subset,random
669,expert,30,16,99,lost,151,2,356,381,177,subset,random
670,expert,30,16,99,lost,190,3,377,381,195,subset,random
671,expert,30,16,99,lost,188,1,336,381,234,subset,random
672,expert,30,16,99,lost,173,5,359,381,196,subset,random
673,expert,30,16,99,lost,225,1,378,381,229,subset,random
674,expert,30,16,99,lost,173,2,326,381,229,subset,random
675,expert,30,16,99,lost,211,2,375,381,218,subset,random
676,expert,30,16,99,lost,172,3,361,381,193,subset,random
677,expert,30,16,99,won,173,1,381,381,173,subset,random
678,expert,30,16,99,lost,3,2,14,381,371,subset,random
679,expert,30,16,99,lost,37,2,105,381,314,subset,random
680,expert,30,16,99,lost,206,12,380,381,208,subset,random
681,expert,30,16,99,lost,187,3,317,381,252,subset,random
682,expert,30,16,99,won,215,4,381,381,215,subset,random
683,expert,30,16,99,lost,58,2,144,381,296,subset,random
684,expert,30,16,99,won,229,3,381,381,229,subset,random
685,expert,30,16,99,lost,184,5,305,381,261,subset,random
686,expert,30,16,99,lost,118,2,222,381,278,subset,random
687,expert,30,16,99,lost,213,6,363,381,232,subset,random
688,expert,30,16,99,lost,2,1,13,381,371,subset,random
689,expert,30,16,99,won,212,1,381,381,212,subset,random
690,expert,30,16,99,won,203,2,381,381,203,subset,random
691,expert,30,16,99,lost,112,6,246,381,248,subset,random
692,expert,30,16,99,lost,181,4,304,381,259,subset,random
693,expert,30,16,99,lost,147,5,303,381,226,subset,random
694,expert,30,16,99,lost,205,8,379,381,208,subset,random
695,expert,30,16,99,lost,161,1,342,381,201,subset,random
696,expert,30,16,99,lost,107,3,255,381,234,subset,random
697,expert,30,16,99,lost,94,1,244,381,232,subset,random
698,expert,30,16,99,lost,113,1,226,381,269,subset,random
699,expert,30,16,99,won,184,1,381,381,184,subset,random
700,expert,30,16,99,lost,21,6,110,381,293,subset,random
701,expert,30,16,99,lost,205,1,364,381,223,subset,random
702,expert,30,16,99,lost,191,3,349,381,224,subset,random
703,expert,30,16,99,lost,150,1,351,381,181,subset,random
704,expert,30,16,99,lost,152,2,277,381,257,subset,random
705,expert,30,16,99,lost,60,1,88,381,354,subset,random
706,expert,30,16,99,lost,69,3,136,381,315,subset,random
707,expert,30,16,99,lost,12,10,34,381,360,subset,random
708,expert,30,16,99,lost,155,7,340,381,197,subset,random
709,expert,30,16,99,lost,112,1,243,381,251,subset,random
710,expert,30,16,99,lost,226,2,376,381,232,subset,random
711,expert,30,16,99,lost,112,3,221,381,273,subset,random
712,expert,30,16,99,lost,139,1,327,381,194,subset,random
713,expert,30,16,99,lost,170,2,379,381,173,subset,random
714,expert,30,16,99,lost,186,1,365,381,203,subset,random
715,expert,30,16,99,lost,161,3,371,381,172,subset,random
716,expert,30,16,99,won,218,9,381,381,218,subset,random
717,expert,30,16,99,lost,3,2,11,381,374,subset,random
718,expert,30,16,99,lost,168,1,312,381,238,subset,random
719,expert,30,16,99,lost,183,4,363,381,202,subset,random
720,expert,30,16,99,lost,168,12,321,381,229,subset,random
721,expert,30,16,99,lost,5,4,13,381,374,subset,random
722,expert,30,16,99,lost,6,5,17,381,371,subset,random
723,expert,30,16,99,lost,151,3,333,381,200,subset,random
724,expert,30,16,99,lost,2,1,13,381,371,subset,random
725,expert,30,16,99,lost,2,1,19,381,365,subset,random
726,expert,30,16,99,lost,215,1,369,381,228,subset,random
727,expert,30,16,99,won,204,2,381,381,204,subset,random
728,expert,30,16,99,lost,4,3,12,381,374,subset,random
729,expert,30,16,99,won,215,0,381,381,215,subset,random
730,expert,30,16,99,lost,162,2,296,381,248,subset,random
731,expert,30,16,99,lost,26,7,74,381,334,subset,random
732,expert,30,16,99,lost,170,3,378,381,174,subset,random
733,expert,30,16,99,lost,97,2,214,381,265,subset,random
734,expert,30,16,99,lost,6,5,17,381,371,subset,random
735,expert,30,16,99,lost,201,3,370,381,213,subset,random
736,expert,30,16,99,lost,84,1,248,381,218,subset,random
737,expert,30,16,99,lost,153,2,354,381,181,subset,random
738,expert,30,16,99,won,170,5,381,381,170,subset,random
739,expert,30,16,99,lost,50,1,87,381,345,subset,random
740,expert,30,16,99,lost,24,3,68,381,338,subset,random
741,expert,30,16,99,lost,209,8,376,381,215,subset,random
742,expert,30,16,99,lost,3,2,14,381,371,subset,random
743,expert,30,16,99,lost,184,8,374,381,192,subset,random
744,expert,30,16,99,lost,11,10,19,381,374,subset,random
745,expert,30,16,99,lost,219,1,381,381,220,subset,random
746,expert,30,16,99,lost,177,3,376,381,183,subset,random
747,expert,30,16,99,won,216,5,381,381,216,subset,random
748,expert,30,16,99,lost,30,4,105,381,307,subset,random
749,expert,30,16,99,lost,171,1,351,381,202,subset,random
750,expert,30,16,99,lost,13,5,35,381,360,subset,random
751,expert,30,16,99,won,224,1,381,381,224,subset,random
752,expert,30,16,99,lost,187,1,365,381,204,subset,random
753,expert,30,16,99,won,228,1,381,381,228,subset,random
754,expert,30,16,99,won,220,6,381,381,220,subset,random
755,expert,30,16,99,lost,198,4,374,381,206,subset,random
756,expert,30,16,99,lost,2,1,10,381,374,subset,random
757,expert,30,16,99,won,231,5,381,381,231,subset,random
758,expert,30,16,99,lost,175,2,314,381,243,subset,random
759,expert,30,16,99,won,212,1,381,381,212,subset,random
760,expert,30,16,99,lost,205,4,371,381,216,subset,random
761,expert,30,16,99,lost,189,2,342,381,229,subset,random
762,expert,30,16,99,lost,201,2,372,381,211,subset,random
763,expert,30,16,99,lost,228,2,373,381,237,subset,random
764,expert,30,16,99,lost,84,11,164,381,302,subset,random
765,expert,30,16,99,won,242,0,381,381,242,subset,random
766,expert,30,16,99,lost,64,5,132,381,314,subset,random
767,expert,30,16,99,lost,3,2,18,381,367,subset,random
768,expert,30,16,99,lost,200,1,366,381,216,subset,random
769,expert,30,16,99,lost,186,8,346,381,222,subset,random
770,expert,30,16,99,won,169,8,381,381,169,subset,random
771,expert,30,16,99,lost,172,2,320,381,234,subset,random
772,expert,30,16,99,lost,201,10,375,381,208,subset,random
773,expert,30,16,99,lost,142,12,338,381,186,subset,random
774,expert,30,16,99,lost,135,2,254,381,263,subset,random
775,expert,30,16,99,won,239,0,381,381,239,subset,random
776,expert,30,16,99,lost,3,2,11,381,374,subset,random
777,expert,30,16,99,lost,83,5,158,381,307,subset,random
778,expert,30,16,99,won,192,8,381,381,192,subset,random
779,expert,30,16,99,lost,6,3,20,381,368,subset,random
780,expert,30,16,99,lost,163,4,258,381,287,subset,random
781,expert,30,16,99,lost,107,7,221,381,268,subset,random
782,expert,30,16,99,lost,42,6,95,381,329,subset,random
783,expert,30,16,99,lost,191,3,373,381,200,subset,random
784,expert,30,16,99,lost,132,1,298,381,216,subset,random
785,expert,30,16,99,lost,183,1,371,381,194,subset,random
786,expert,30,16,99,lost,199,6,327,381,254,subset,random
787,expert,30,16,99,lost,175,8,372,381,185,subset,random
788,expert,30,16,99,lost,46,11,110,381,318,subset,random
789,expert,30,16,99,won,213,3,381,381,213,subset,random
790,expert,30,16,99,won,190,2,381,381,190,subset,random
791,expert,30,16,99,lost,6,5,14,381,374,subset,random
792,expert,30,16,99,lost,70,1,218,381,234,subset,random
793,expert,30,16,99,lost,7,6,15,381,374,subset,random
794,expert,30,16,99,lost,90,4,184,381,288,subset,random
795,expert,30,16,99,lost,183,4,372,381,193,subset,random
796,expert,30,16,99,lost,24,3,52,381,354,subset,random
797,expert,30,16,99,lost,192,2,378,381,196,subset,random
798,expert,30,16,99,won,234,2,381,381,234,subset,random
799,expert,30,16,99,lost,179,6,342,381,219,subset,random
800,expert,30,16,99,lost,197,1,374,381,205,subset,random
801,mixed,11,17,38,lost,43,2,118,149,75,subset,random
802,mixed,13,14,35,lost,12,11,23,147,137,subset,random
803,mixed,15,18,35,won,62,0,235,235,62,subset,random
804,mixed,10,21,25,won,44,0,185,185,44,subset,random
805,mixed,17,22,71,lost,116,4,296,303,124,subset,random
806,mixed,19,10,29,won,49,0,161,161,49,subset,random
807,mixed,14,17,46,lost,84,1,185,192,92,subset,random
808,mixed,17,16,40,won,71,1,232,232,71,subset,random
809,mixed,19,12,42,won,92,0,186,186,92,subset,random
810,mixed,15,16,45,lost,79,1,194,195,81,subset,random
811,mixed,12,10,22,won,38,1,98,98,38,subset,random
812,mixed,15,11,29,won,49,0,136,136,49,subset,random
813,mixed,23,9,43,lost,4,2,21,164,148,subset,random
814,mixed,22,16,75,won,169,0,277,277,169,subset,random
815,mixed,9,19,31,lost,67,1,138,140,70,subset,random
816,mixed,13,11,17,won,24,0,126,126,24,subset,random
817,mixed,20,8,24,won,48,0,136,136,48,subset,random
818,mixed,16,17,53,lost,11,1,40,219,191,subset,random
819,mixed,22,11,53,lost,87,1,173,189,104,subset,random
820,mixed,15,16,46,lost,6,5,14,194,187,subset,random
821,mixed,8,20,33,won,64,1,127,127,64,subset,random
822,mixed,20,8,23,won,55,0,137,137,55,subset,random
823,mixed,12,14,30,won,54,0,138,138,54,subset,random
824,mixed,23,10,40,lost,92,1,181,190,102,subset,random
825,mixed,8,22,27,won,65,5,149,149,65,subset,random
826,mixed,8,22,37,lost,59,1,114,139,85,subset,random
827,mixed,8,22,30,lost,8,2,51,146,104,subset,random
828,mixed,23,20,76,lost,139,1,384,384,140,subset,random
829,mixed,16,21,59,lost,63,2,215,277,126,subset,random
830,mixed,22,18,71,won,159,1,325,325,159,subset,random
831,mixed,18,11,29,won,67,0,169,169,67,subset,random
832,mixed,13,21,47,won,83,0,226,226,83,subset,random
833,mixed,22,12,41,won,117,0,223,223,117,subset,random
834,mixed,10,21,26,won,48,0,184,184,48,subset,random
835,mixed,11,9,14,won,24,0,85,85,24,subset,random
836,mixed,15,8,16,won,20,0,104,104,20,subset,random
837,mixed,16,13,26,won,45,0,182,182,45,subset,random
838,mixed,11,24,52,lost,87,2,202,212,98,subset,random
839,mixed,14,19,40,won,62,1,226,226,62,subset,random
840,mixed,18,24,68,won,149,0,364,364,149,subset,random
841,mixed,18,16,34,won,60,0,254,254,60,subset,random
842,mixed,17,23,69,lost,4,2,15,322,312,subset,random
843,mixed,8,23,36,won,64,2,148,148,64,subset,random
844,mixed,20,12,35,won,83,0,205,205,83,subset,random
845,mixed,17,14,39,lost,43,3,141,199,102,subset,random
846,mixed,12,24,42,won,65,0,246,246,65,subset,random
847,mixed,22,13,45,won,111,0,241,241,111,subset,random
848,mixed,11,8,10,won,15,0,78,78,15,subset,random
849,mixed,9,13,22,won,40,3,95,95,40,subset,random
850,mixed,8,13,17,won,45,0,87,87,45,subset,random
851,mixed,11,12,16,won,34,0,116,116,34,subset,random
852,mixed,14,15,27,won,47,1,183,183,47,subset,random
853,mixed,21,9,38,lost,45,1,130,151,67,subset,random
854,mixed,15,13,35,won,54,0,160,160,54,subset,random
855,mixed,18,15,36,won,82,0,234,234,82,subset,random
856,mixed,17,14,48,lost,68,1,177,190,82,subset,random
857,mixed,21,22,91,won,190,5,371,371,190,subset,random
858,mixed,23,20,87,won,162,9,373,373,162,subset,random
859,mixed,23,14,39,won,58,0,283,283,58,subset,random
860,mixed,15,11,20,won,22,0,145,145,22,subset,random
861,mixed,18,11,30,won,52,3,168,168,52,subset,random
862,mixed,14,24,62,lost,60,1,179,274,156,subset,random
863,mixed,18,24,82,lost,2,1,20,350,333,subset,random
864,mixed,10,23,47,lost,69,3,182,183,71,subset,random
865,mixed,11,16,22,won,39,0,154,154,39,subset,random
866,mixed,17,15,53,lost,51,1,139,202,115,subset,random
867,mixed,10,18,36,won,63,2,144,144,63,subset,random
868,mixed,17,22,77,lost,156,5,297,297,157,subset,random
869,mixed,23,15,61,lost,108,5,277,284,116,subset,random
870,mixed,17,21,71,lost,144,4,259,286,172,subset,random
871,mixed,19,15,37,won,73,0,248,248,73,subset,random
872,mixed,24,18,65,won,157,0,367,367,157,subset,random
873,mixed,13,24,48,won,118,1,264,264,118,subset,random
874,mixed,8,17,28,won,60,1,108,108,60,subset,random
875,mixed,24,15,76,lost,11,1,30,284,266,subset,random
876,mixed,16,23,45,won,100,0,323,323,100,subset,random
877,mixed,16,20,65,lost,161,1,255,255,162,subset,random
878,mixed,13,13,26,won,38,0,143,143,38,subset,random
879,mixed,20,24,76,won,152,2,404,404,152,subset,random
880,mixed,21,24,89,lost,112,7,283,415,245,subset,random
881,mixed,19,9,31,lost,53,3,139,140,55,subset,random
882,mixed,22,20,66,won,119,0,374,374,119,subset,random
883,mixed,10,12,23,lost,15,3,48,97,65,subset,random
884,mixed,11,24,56,lost,83,5,146,208,146,subset,random
885,mixed,8,10,10,won,21,1,70,70,21,subset,random
886,mixed,24,10,45,won,84,0,195,195,84,subset,random
887,mixed,24,19,94,won,189,3,362,362,189,subset,random
888,mixed,10,16,28,won,53,1,132,132,53,subset,random
889,mixed,11,9,19,lost,2,1,19,80,64,subset,random
890,mixed,8,24,40,lost,58,1,142,152,69,subset,random
891,mixed,18,17,41,won,81,0,265,265,81,subset,random
892,mixed,16,18,59,lost,4,3,15,229,219,subset,random
893,mixed,13,14,35,lost,32,1,105,147,75,subset,random
894,mixed,19,11,36,won,89,2,173,173,89,subset,random
895,mixed,16,11,35,won,60,1,141,141,60,subset,random
896,mixed,9,21,36,lost,42,2,105,153,91,subset,random
897,mixed,8,12,11,lost,3,2,14,85,75,subset,random
898,mixed,22,12,38,won,97,0,226,226,97,subset,random
899,mixed,14,17,32,won,73,0,206,206,73,subset,random
900,mixed,19,10,38,won,89,0,152,152,89,subset,random
901,mixed,9,12,15,won,36,0,93,93,36,subset,random
902,mixed,17,8,24,lost,45,4,99,112,59,subset,random
903,mixed,12,16,28,won,68,0,164,164,68,subset,random
904,mixed,22,21,58,won,133,0,404,404,133,subset,random
905,mixed,15,11,33,lost,6,5,17,132,122,subset,random
906,mixed,20,19,69,won,118,4,311,311,118,subset,random
907,mixed,9,13,17,won,26,0,100,100,26,subset,random
908,mixed,13,10,15,won,13,0,115,115,13,subset,random
909,mixed,14,13,25,won,55,0,157,157,55,subset,random
910,mixed,13,13,36,lost,33,1,66,133,101,subset,random
911,mixed,16,23,49,won,89,0,319,319,89,subset,random
912,mixed,21,18,55,won,103,0,323,323,103,subset,random
913,mixed,12,14,22,won,34,0,146,146,34,subset,random
914,mixed,16,11,23,won,45,0,153,153,45,subset,random
915,mixed,14,20,33,won,74,0,247,247,74,subset,random
916,mixed,11,23,33,won,65,0,220,220,65,subset,random
917,mixed,19,13,48,lost,85,2,195,199,90,subset,random
918,mixed,9,12,14,won,29,1,94,94,29,subset,random
919,mixed,8,23,36,lost,70,3,146,148,73,subset,random
920,mixed,20,13,31,won,70,0,229,229,70,subset,random
921,mixed,19,19,73,lost,88,3,194,288,183,subset,random
922,mixed,10,24,39,won,104,0,201,201,104,subset,random
923,mixed,16,12,32,lost,98,2,159,160,100,subset,random
924,mixed,15,16,37,won,72,0,203,203,72,subset,random
925,mixed,11,24,44,won,73,2,220,220,73,subset,random
926,mixed,11,20,45,lost,2,1,10,175,168,subset,random
927,mixed,23,23,106,lost,203,5,406,423,221,subset,random
928,mixed,17,10,31,won,70,2,139,139,70,subset,random
929,mixed,14,13,35,lost,59,1,130,147,77,subset,random
930,mixed,16,8,23,lost,2,1,10,105,98,subset,random
931,mixed,14,20,38,won,90,0,242,242,90,subset,random
932,mixed,16,9,25,won,41,0,119,119,41,subset,random
933,mixed,23,12,58,lost,67,3,174,218,112,subset,random
934,mixed,10,11,21,won,40,0,89,89,40,subset,random
935,mixed,15,22,63,lost,12,2,35,267,245,subset,random
936,mixed,13,11,20,won,52,1,123,123,52,subset,random
937,mixed,14,8,16,won,40,0,96,96,40,subset,random
938,mixed,19,10,30,won,52,1,160,160,52,subset,random
939,mixed,24,10,38,won,79,0,202,202,79,subset,random
940,mixed,17,16,55,won,81,3,217,217,81,subset,random
941,mixed,11,24,51,won,92,1,213,213,92,subset,random
942,mixed,11,11,22,won,48,2,99,99,48,subset,random
943,mixed,10,11,17,won,34,2,93,93,34,subset,random
944,mixed,22,20,80,lost,110,2,304,360,167,subset,random
945,mixed,24,18,91,lost,134,11,233,341,243,subset,random
946,mixed,20,24,100,lost,201,2,372,380,210,subset,random
947,mixed,22,9,30,won,70,0,168,168,70,subset,random
948,mixed,9,20,25,won,50,1,155,155,50,subset,random
949,mixed,24,23,108,lost,7,4,37,444,415,subset,random
950,mixed,17,14,36,lost,52,3,134,202,121,subset,random
951,mixed,12,17,38,won,107,1,166,166,107,subset,random
952,mixed,22,17,63,lost,81,2,231,311,162,subset,random
953,mixed,18,16,35,won,67,0,253,253,67,subset,random
954,mixed,12,8,14,won,22,0,82,82,22,subset,random
955,mixed,16,9,22,won,54,0,122,122,54,subset,random
956,mixed,10,16,31,lost,63,5,126,129,67,subset,random
957,mixed,13,17,34,lost,73,1,182,187,79,subset,random
958,mixed,24,15,52,won,117,1,308,308,117,subset,random
959,mixed,10,17,36,lost,68,3,109,134,94,subset,random
960,mixed,19,23,92,won,172,3,345,345,172,subset,random
961,mixed,22,10,41,lost,2,1,13,179,169,subset,random
962,mixed,17,16,41,won,91,0,231,231,91,subset,random
963,mixed,21,17,46,won,63,2,311,311,63,subset,random
964,mixed,24,19,86,won,147,1,370,370,147,subset,random
965,mixed,22,11,49,lost,89,1,193,193,90,subset,random
966,mixed,23,18,75,lost,9,3,44,339,305,subset,random
967,mixed,13,23,38,won,86,0,261,261,86,subset,random
968,mixed,13,19,30,lost,66,1,217,217,67,subset,random
969,mixed,8,20,22,won,60,0,138,138,60,subset,random
970,mixed,10,11,19,won,37,0,91,91,37,subset,random
971,mixed,13,24,38,won,56,0,274,274,56,subset,random
972,mixed,16,17,34,won,63,0,238,238,63,subset,random
973,mixed,17,22,81,won,158,6,293,293,158,subset,random
974,mixed,14,9,21,won,42,0,105,105,42,subset,random
975,mixed,19,9,36,lost,29,2,89,135,76,subset,random
976,mixed,15,19,35,won,49,1,250,250,49,subset,random
977,mixed,12,21,45,lost,4,2,15,207,197,subset,random
978,mixed,24,15,74,won,162,1,286,286,162,subset,random
979,mixed,10,23,40,lost,64,2,180,190,75,subset,random
980,mixed,17,15,51,lost,79,1,189,204,95,subset,random
981,mixed,20,10,27,won,64,0,173,173,64,subset,random
982,mixed,18,15,40,won,70,0,230,230,70,subset,random
983,mixed,16,17,38,won,54,0,234,234,54,subset,random
984,mixed,18,12,39,won,78,3,177,177,78,subset,random
985,mixed,15,14,44,lost,40,4,135,166,72,subset,random
986,mixed,14,12,22,won,52,0,146,146,52,subset,random
987,mixed,19,17,43,won,69,0,280,280,69,subset,random
988,mixed,12,18,36,won,68,0,180,180,68,subset,random
989,mixed,10,21,32,lost,54,1,171,178,62,subset,random
990,mixed,14,19,56,lost,18,10,56,210,173,subset,random
991,mixed,13,22,58,won,121,0,228,228,121,subset,random
992,mixed,21,23,63,won,113,0,420,420,113,subset,random
993,mixed,8,19,23,won,30,0,129,129,30,subset,random
994,mixed,11,11,14,won,28,0,107,107,28,subset,random
995,mixed,13,12,23,won,45,0,133,133,45,subset,random
996,mixed,14,20,52,won,121,1,228,228,121,subset,random
997,mixed,23,9,30,won,69,1,177,177,69,subset,random
998,mixed,11,14,32,won,74,2,122,122,74,subset,random
999,mixed,19,21,64,lost,113,1,327,335,122,subset,random
1000,mixed,16,20,50,won,83,1,270,270,83,subset,random
1,beginner,9,9,10,won,12,0,71,71,12,subset,probability
2,beginner,9,9,10,won,28,0,71,71,28,subset,probability
3,beginner,9,9,10,won,12,0,71,71,12,subset,probability
4,beginner,9,9,10,won,19,0,71,71,19,subset,probability
5,beginner,9,9,10,won,16,0,71,71,16,subset,probability
6,beginner,9,9,10,won,14,0,71,71,14,subset,probability
7,beginner,9,9,10,won,16,0,71,71,16,subset,probability
8,beginner,9,9,10,lost,19,1,70,71,21,subset,probability
9,beginner,9,9,10,won,10,1,71,71,10,subset,probability
10,beginner,9,9,10,won,15,0,71,71,15,subset,probability
11,beginner,9,9,10,won,19,0,71,71,19,subset,probability
12,beginner,9,9,10,won,30,0,71,71,30,subset,probability
13,beginner,9,9,10,won,12,0,71,71,12,subset,probability
14,beginner,9,9,10,won,22,2,71,71,22,subset,probability
15,beginner,9,9,10,won,13,1,71,71,13,subset,probability
16,beginner,9,9,10,won,16,0,71,71,16,subset,probability
17,beginner,9,9,10,won,25,0,71,71,25,subset,probability
18,beginner,9,9,10,won,21,0,71,71,21,subset,probability
19,beginner,9,9,10,won,18,0,71,71,18,subset,probability
20,beginner,9,9,10,won,15,0,71,71,15,subset,probability
21,beginner,9,9,10,won,15,0,71,71,15,subset,probability
22,beginner,9,9,10,won,19,0,71,71,19,subset,probability
23,beginner,9,9,10,won,19,0,71,71,19,subset,probability
24,beginner,9,9,10,won,18,0,71,71,18,subset,probability
25,beginner,9,9,10,won,13,0,71,71,13,subset,probability
26,beginner,9,9,10,won,24,0,71,71,24,subset,probability
27,beginner,9,9,10,won,28,0,71,71,28,subset,probability
28,beginner,9,9,10,won,13,0,71,71,13,subset,probability
29,beginner,9,9,10,won,14,0,71,71,14,subset,probability
30,beginner,9,9,10,won,20,0,71,71,20,subset,probability
31,beginner,9,9,10,won,24,0,71,71,24,subset,probability
32,beginner,9,9,10,won,20,1,71,71,20,subset,probability
33,beginner,9,9,10,won,4,0,71,71,4,subset,probability
34,beginner,9,9,10,won,25,2,71,71,25,subset,probability
35,beginner,9,9,10,lost,14,1,71,71,15,subset,probability
36,beginner,9,9,10,won,12,0,71,71,12,subset,probability
37,beginner,9,9,10,won,14,0,71,71,14,subset,probability
38,beginner,9,9,10,won,12,0,71,71,12,subset,probability
39,beginner,9,9,10,won,27,0,71,71,27,subset,probability
40,beginner,9,9,10,won,16,0,71,71,16,subset,probability
41,beginner,9,9,10,won,20,0,71,71,20,subset,probability
42,beginner,9,9,10,won,23,0,71,71,23,subset,probability
43,beginner,9,9,10,won,22,0,71,71,22,subset,probability
44,beginner,9,9,10,won,11,0,71,71,11,subset,probability
45,beginner,9,9,10,won,10,0,71,71,10,subset,probability
46,beginner,9,9,10,won,23,0,71,71,23,subset,probability
47,beginner,9,9,10,won,20,0,71,71,20,subset,probability
48,beginner,9,9,10,won,21,0,71,71,21,subset,probability
49,beginner,9,9,10,won,15,0,71,71,15,subset,probability
50,beginner,9,9,10,won,22,0,71,71,22,subset,probability
51,beginner,9,9,10,won,20,1,71,71,20,subset,probability
52,beginner,9,9,10,won,17,0,71,71,17,subset,probability
53,beginner,9,9,10,won,21,0,71,71,21,subset,probability
54,beginner,9,9,10,won,13,0,71,71,13,subset,probability
55,beginner,9,9,10,won,7,0,71,71,7,subset,probability
56,beginner,9,9,10,won,19,0,71,71,19,subset,probability
57,beginner,9,9,10,won,17,0,71,71,17,subset,probability
58,beginner,9,9,10,lost,21,1,70,71,23,subset,probability
59,beginner,9,9,10,won,12,2,71,71,12,subset,probability
60,beginner,9,9,10,won,18,0,71,71,18,subset,probability
61,beginner,9,9,10,won,7,1,71,71,7,subset,probability
62,beginner,9,9,10,won,29,0,71,71,29,subset,probability
63,beginner,9,9,10,won,18,0,71,71,18,subset,probability
64,beginner,9,9,10,won,17,0,71,71,17,subset,probability
65,beginner,9,9,10,won,17,0,71,71,17,subset,probability
66,beginner,9,9,10,won,13,0,71,71,13,subset,probability
67,beginner,9,9,10,won,21,1,71,71,21,subset,probability
68,beginner,9,9,10,won,21,0,71,71,21,subset,probability
69,beginner,9,9,10,won,23,0,71,71,23,subset,probability
70,beginner,9,9,10,won,24,0,71,71,24,subset,probability
71,beginner,9,9,10,won,16,0,71,71,16,subset,probability
72,beginner,9,9,10,won,18,0,71,71,18,subset,probability
73,beginner,9,9,10,won,10,0,71,71,10,subset,probability
74,beginner,9,9,10,won,14,0,71,71,14,subset,probability
75,beginner,9,9,10,won,16,0,71,71,16,subset,probability
76,beginner,9,9,10,won,8,0,71,71,8,subset,probability
77,beginner,9,9,10,won,14,0,71,71,14,subset,probability
78,beginner,9,9,10,won,9,0,71,71,9,subset,probability
79,beginner,9,9,10,won,9,0,71,71,9,subset,probability
80,beginner,9,9,10,won,16,0,71,71,16,subset,probability
81,beginner,9,9,10,won,14,0,71,71,14,subset,probability
82,beginner,9,9,10,won,10,0,71,71,10,subset,probability
83,beginner,9,9,10,won,9,0,71,71,9,subset,probability
84,beginner,9,9,10,won,13,0,71,71,13,subset,probability
85,beginner,9,9,10,won,17,0,71,71,17,subset,probability
86,beginner,9,9,10,won,15,0,71,71,15,subset,probability
87,beginner,9,9,10,won,7,1,71,71,7,subset,probability
88,beginner,9,9,10,won,16,0,71,71,16,subset,probability
89,beginner,9,9,10,won,27,0,71,71,27,subset,probability
90,beginner,9,9,10,won,8,0,71,71,8,subset,probability
91,beginner,9,9,10,won,21,0,71,71,21,subset,probability
92,beginner,9,9,10,won,15,0,71,71,15,subset,probability
93,beginner,9,9,10,won,21,0,71,71,21,subset,probability
94,beginner,9,9,10,lost,15,1,67,71,20,subset,probability
95,beginner,9,9,10,won,9,0,71,71,9,subset,probability
96,beginner,9,9,10,won,22,0,71,71,22,subset,probability
97,beginner,9,9,10,won,20,0,71,71,20,subset,probability
98,beginner,9,9,10,won,12,0,71,71,12,subset,probability
99,beginner,9,9,10,won,25,0,71,71,25,subset,probability
100,beginner,9,9,10,won,14,0,71,71,14,subset,probability
101,beginner,9,9,10,won,28,0,71,71,28,subset,probability
102,beginner,9,9,10,won,19,0,71,71,19,subset,probability
103,beginner,9,9,10,won,28,0,71,71,28,subset,probability
104,beginner,9,9,10,won,25,0,71,71,25,subset,probability
105,beginner,9,9,10,won,17,0,71,71,17,subset,probability
106,beginner,9,9,10,won,16,0,71,71,16,subset,probability
107,beginner,9,9,10,won,16,0,71,71,16,subset,probability
108,beginner,9,9,10,won,18,0,71,71,18,subset,probability
109,beginner,9,9,10,won,18,0,71,71,18,subset,probability
110,beginner,9,9,10,won,10,0,71,71,10,subset,probability
111,beginner,9,9,10,won,25,0,71,71,25,subset,probability
112,beginner,9,9,10,won,25,0,71,71,25,subset,probability
113,beginner,9,9,10,won,18,1,71,71,18,subset,probability
114,beginner,9,9,10,won,18,0,71,71,18,subset,probability
115,beginner,9,9,10,won,19,0,71,71,19,subset,probability
116,beginner,9,9,10,won,17,0,71,71,17,subset,probability
117,beginner,9,9,10,won,12,0,71,71,12,subset,probability
118,beginner,9,9,10,won,18,0,71,71,18,subset,probability
119,beginner,9,9,10,won,27,1,71,71,27,subset,probability
120,beginner,9,9,10,won,20,0,71,71,20,subset,probability
121,beginner,9,9,10,won,16,0,71,71,16,subset,probability
122,beginner,9,9,10,won,16,0,71,71,16,subset,probability
123,beginner,9,9,10,won,15,0,71,71,15,subset,probability
124,beginner,9,9,10,lost,15,1,68,71,19,subset,probability
125,beginner,9,9,10,won,22,0,71,71,22,subset,probability
126,beginner,9,9,10,won,25,0,71,71,25,subset,probability
127,beginner,9,9,10,won,33,2,71,71,33,subset,probability
128,beginner,9,9,10,won,24,0,71,71,24,subset,probability
129,beginner,9,9,10,won,21,1,71,71,21,subset,probability
130,beginner,9,9,10,won,21,0,71,71,21,subset,probability
131,beginner,9,9,10,won,13,0,71,71,13,subset,probability
132,beginner,9,9,10,won,21,0,71,71,21,subset,probability
133,beginner,9,9,10,won,13,0,71,71,13,subset,probability
134,beginner,9,9,10,won,20,0,71,71,20,subset,probability
135,beginner,9,9,10,won,9,0,71,71,9,subset,probability
136,beginner,9,9,10,won,14,0,71,71,14,subset,probability
137,beginner,9,9,10,won,18,0,71,71,18,subset,probability
138,beginner,9,9,10,won,24,0,71,71,24,subset,probability
139,beginner,9,9,10,won,24,0,71,71,24,subset,probability
140,beginner,9,9,10,won,17,0,71,71,17,subset,probability
141,beginner,9,9,10,won,32,0,71,71,32,subset,probability
142,beginner,9,9,10,won,19,0,71,71,19,subset,probability
143,beginner,9,9,10,won,25,0,71,71,25,subset,probability
144,beginner,9,9,10,won,18,0,71,71,18,subset,probability
145,beginner,9,9,10,won,24,0,71,71,24,subset,probability
146,beginner,9,9,10,won,10,0,71,71,10,subset,probability
147,beginner,9,9,10,won,17,0,71,71,17,subset,probability
148,beginner,9,9,10,won,23,1,71,71,23,subset,probability
149,beginner,9,9,10,won,7,0,71,71,7,subset,probability
150,beginner,9,9,10,won,15,0,71,71,15,subset,probability
151,beginner,9,9,10,won,14,0,71,71,14,subset,probability
152,beginner,9,9,10,won,27,5,71,71,27,subset,probability
153,beginner,9,9,10,won,19,0,71,71,19,subset,probability
154,beginner,9,9,10,won,13,1,71,71,13,subset,probability
155,beginner,9,9,10,won,21,0,71,71,21,subset,probability
156,beginner,9,9,10,won,9,0,71,71,9,subset,probability
157,beginner,9,9,10,won,30,2,71,71,30,subset,probability
158,beginner,9,9,10,won,21,4,71,71,21,subset,probability
159,beginner,9,9,10,won,16,0,71,71,16,subset,probability
160,beginner,9,9,10,won,28,1,71,71,28,subset,probability
161,beginner,9,9,10,won,25,0,71,71,25,subset,probability
162,beginner,9,9,10,won,14,0,71,71,14,subset,probability
163,beginner,9,9,10,won,23,0,71,71,23,subset,probability
164,beginner,9,9,10,won,14,0,71,71,14,subset,probability
165,beginner,9,9,10,won,16,0,71,71,16,subset,probability
166,beginner,9,9,10,won,16,0,71,71,16,subset,probability
167,beginner,9,9,10,won,17,0,71,71,17,subset,probability
168,beginner,9,9,10,won,16,0,71,71,16,subset,probability
169,beginner,9,9,10,won,29,0,71,71,29,subset,probability
170,beginner,9,9,10,won,20,0,71,71,20,subset,probability
171,beginner,9,9,10,won,20,0,71,71,20,subset,probability
172,beginner,9,9,10,won,25,0,71,71,25,subset,probability
173,beginner,9,9,10,won,15,0,71,71,15,subset,probability
174,beginner,9,9,10,won,21,0,71,71,21,subset,probability
175,beginner,9,9,10,won,16,0,71,71,16,subset,probability
176,beginner,9,9,10,won,18,0,71,71,18,subset,probability
177,beginner,9,9,10,won,20,0,71,71,20,subset,probability
178,beginner,9,9,10,won,27,0,71,71,27,subset,probability
179,beginner,9,9,10,won,21,0,71,71,21,subset,probability
180,beginner,9,9,10,won,13,1,71,71,13,subset,probability
181,beginner,9,9,10,won,14,0,71,71,14,subset,probability
182,beginner,9,9,10,won,18,0,71,71,18,subset,probability
183,beginner,9,9,10,won,22,0,71,71,22,subset,probability
184,beginner,9,9,10,won,21,1,71,71,21,subset,probability
185,beginner,9,9,10,won,15,0,71,71,15,subset,probability
186,beginner,9,9,10,won,12,0,71,71,12,subset,probability
187,beginner,9,9,10,won,15,0,71,71,15,subset,probability
188,beginner,9,9,10,won,21,0,71,71,21,subset,probability
189,beginner,9,9,10,won,18,0,71,71,18,subset,probability
190,beginner,9,9,10,won,9,0,71,71,9,subset,probability
191,beginner,9,9,10,won,12,0,71,71,12,subset,probability
192,beginner,9,9,10,won,18,2,71,71,18,subset,probability
193,beginner,9,9,10,won,21,0,71,71,21,subset,probability
194,beginner,9,9,10,won,16,0,71,71,16,subset,probability
195,beginner,9,9,10,won,12,0,71,71,12,subset,probability
196,beginner,9,9,10,won,16,0,71,71,16,subset,probability
197,beginner,9,9,10,won,26,0,71,71,26,subset,probability
198,beginner,9,9,10,won,26,0,71,71,26,subset,probability
199,beginner,9,9,10,won,11,0,71,71,11,subset,probability
200,beginner,9,9,10,won,16,0,71,71,16,subset,probability
201,beginner,9,9,10,won,23,2,71,71,23,subset,probability
202,beginner,9,9,10,won,20,0,71,71,20,subset,probability
203,beginner,9,9,10,won,18,0,71,71,18,subset,probability
204,beginner,9,9,10,won,23,0,71,71,23,subset,probability
205,beginner,9,9,10,won,23,0,71,71,23,subset,probability
206,beginner,9,9,10,won,13,0,71,71,13,subset,probability
207,beginner,9,9,10,won,19,0,71,71,19,subset,probability
208,beginner,9,9,10,won,17,0,71,71,17,subset,probability
209,beginner,9,9,10,won,14,0,71,71,14,subset,probability
210,beginner,9,9,10,won,13,0,71,71,13,subset,probability
211,beginner,9,9,10,won,14,0,71,71,14,subset,probability
212,beginner,9,9,10,won,12,0,71,71,12,subset,probability
213,beginner,9,9,10,won,21,0,71,71,21,subset,probability
214,beginner,9,9,10,won,21,0,71,71,21,subset,probability
215,beginner,9,9,10,won,16,1,71,71,16,subset,probability
216,beginner,9,9,10,won,9,1,71,71,9,subset,probability
217,beginner,9,9,10,won,22,1,71,71,22,subset,probability
218,beginner,9,9,10,won,28,6,71,71,28,subset,probability
219,beginner,9,9,10,won,13,0,71,71,13,subset,probability
220,beginner,9,9,10,won,14,1,71,71,14,subset,probability
221,beginner,9,9,10,won,20,0,71,71,20,subset,probability
222,beginner,9,9,10,won,16,0,71,71,16,subset,probability
223,beginner,9,9,10,won,22,1,71,71,22,subset,probability
224,beginner,9,9,10,won,19,0,71,71,19,subset,probability
225,beginner,9,9,10,won,11,0,71,71,11,subset,probability
226,beginner,9,9,10,won,24,0,71,71,24,subset,probability
227,beginner,9,9,10,won,22,0,71,71,22,subset,probability
228,beginner,9,9,10,won,15,0,71,71,15,subset,probability
229,beginner,9,9,10,won,28,0,71,71,28,subset,probability
230,beginner,9,9,10,won,28,0,71,71,28,subset,probability
231,beginner,9,9,10,won,17,0,71,71,17,subset,probability
232,beginner,9,9,10,won,19,0,71,71,19,subset,probability
233,beginner,9,9,10,won,19,0,71,71,19,subset,probability
234,beginner,9,9,10,won,18,0,71,71,18,subset,probability
235,beginner,9,9,10,won,16,0,71,71,16,subset,probability
236,beginner,9,9,10,won,15,0,71,71,15,subset,probability
237,beginner,9,9,10,lost,15,1,71,71,16,subset,probability
238,beginner,9,9,10,won,14,0,71,71,14,subset,probability
239,beginner,9,9,10,won,15,0,71,71,15,subset,probability
240,beginner,9,9,10,won,20,0,71,71,20,subset,probability
241,beginner,9,9,10,won,15,1,71,71,15,subset,probability
242,beginner,9,9,10,won,22,0,71,71,22,subset,probability
243,beginner,9,9,10,won,17,0,71,71,17,subset,probability
244,beginner,9,9,10,won,19,0,71,71,19,subset,probability
245,beginner,9,9,10,won,21,0,71,71,21,subset,probability
246,beginner,9,9,10,won,20,0,71,71,20,subset,probability
247,beginner,9,9,10,won,20,0,71,71,20,subset,probability
248,beginner,9,9,10,won,12,0,71,71,12,subset,probability
249,beginner,9,9,10,won,14,0,71,71,14,subset,probability
250,beginner,9,9,10,won,28,0,71,71,28,subset,probability
251,beginner,9,9,10,won,13,0,71,71,13,subset,probability
252,beginner,9,9,10,won,12,0,71,71,12,subset,probability
253,beginner,9,9,10,won,14,0,71,71,14,subset,probability
254,beginner,9,9,10,won,22,0,71,71,22,subset,probability
255,beginner,9,9,10,won,24,0,71,71,24,subset,probability
256,beginner,9,9,10,won,14,0,71,71,14,subset,probability
257,beginner,9,9,10,won,9,0,71,71,9,subset,probability
258,beginner,9,9,10,won,14,0,71,71,14,subset,probability
259,beginner,9,9,10,won,32,1,71,71,32,subset,probability
260,beginner,9,9,10,won,13,0,71,71,13,subset,probability
261,beginner,9,9,10,won,14,1,71,71,14,subset,probability
262,beginner,9,9,10,won,12,0,71,71,12,subset,probability
263,beginner,9,9,10,won,19,0,71,71,19,subset,probability
264,beginner,9,9,10,won,21,1,71,71,21,subset,probability
265,beginner,9,9,10,won,23,1,71,71,23,subset,probability
266,beginner,9,9,10,won,18,0,71,71,18,subset,probability
267,beginner,9,9,10,won,12,0,71,71,12,subset,probability
268,beginner,9,9,10,won,20,0,71,71,20,subset,probability
269,beginner,9,9,10,won,12,0,71,71,12,subset,probability
270,beginner,9,9,10,won,22,0,71,71,22,subset,probability
271,beginner,9,9,10,won,17,0,71,71,17,subset,probability
272,beginner,9,9,10,won,29,1,71,71,29,subset,probability
273,beginner,9,9,10,won,16,0,71,71,16,subset,probability
274,beginner,9,9,10,won,7,0,71,71,7,subset,probability
275,beginner,9,9,10,won,26,0,71,71,26,subset,probability
276,beginner,9,9,10,won,15,0,71,71,15,subset,probability
277,beginner,9,9,10,won,20,0,71,71,20,subset,probability
278,beginner,9,9,10,won,23,0,71,71,23,subset,probability
279,beginner,9,9,10,won,23,0,71,71,23,subset,probability
280,beginner,9,9,10,won,13,1,71,71,13,subset,probability
281,beginner,9,9,10,won,12,0,71,71,12,subset,probability
282,beginner,9,9,10,won,12,0,71,71,12,subset,probability
283,beginner,9,9,10,won,18,0,71,71,18,subset,probability
284,beginner,9,9,10,won,9,0,71,71,9,subset,probability
285,beginner,9,9,10,won,20,0,71,71,20,subset,probability
286,beginner,9,9,10,won,18,0,71,71,18,subset,probability
287,beginner,9,9,10,won,12,0,71,71,12,subset,probability
288,beginner,9,9,10,won,13,1,71,71,13,subset,probability
289,beginner,9,9,10,won,19,0,71,71,19,subset,probability
290,beginner,9,9,10,won,18,0,71,71,18,subset,probability
291,beginner,9,9,10,won,14,0,71,71,14,subset,probability
292,beginner,9,9,10,won,26,2,71,71,26,subset,probability
293,beginner,9,9,10,won,13,0,71,71,13,subset,probability
294,beginner,9,9,10,won,17,0,71,71,17,subset,probability
295,beginner,9,9,10,won,7,0,71,71,7,subset,probability
296,beginner,9,9,10,won,21,0,71,71,21,subset,probability
297,beginner,9,9,10,won,14,0,71,71,14,subset,probability
298,beginner,9,9,10,won,15,0,71,71,15,subset,probability
299,beginner,9,9,10,won,21,0,71,71,21,subset,probability
300,beginner,9,9,10,won,9,0,71,71,9,subset,probability
301,intermediate,16,16,40,won,78,0,216,216,78,subset,probability
302,intermediate,16,16,40,won,98,0,216,216,98,subset,probability
303,intermediate,16,16,40,lost,59,1,215,216,61,subset,probability
304,intermediate,16,16,40,lost,67,2,213,216,71,subset,probability
305,intermediate,16,16,40,won,82,0,216,216,82,subset,probability
306,intermediate,16,16,40,won,77,3,216,216,77,subset,probability
307,intermediate,16,16,40,won,74,1,216,216,74,subset,probability
308,intermediate,16,16,40,won,82,1,216,216,82,subset,probability
309,intermediate,16,16,40,won,102,1,216,216,102,subset,probability
310,intermediate,16,16,40,won,77,2,216,216,77,subset,probability
311,intermediate,16,16,40,won,77,2,216,216,77,subset,probability
312,intermediate,16,16,40,won,73,0,216,216,73,subset,probability
313,intermediate,16,16,40,won,112,1,216,216,112,subset,probability
314,intermediate,16,16,40,won,75,0,216,216,75,subset,probability
315,intermediate,16,16,40,lost,63,5,215,216,65,subset,probability
316,intermediate,16,16,40,won,90,0,216,216,90,subset,probability
317,intermediate,16,16,40,lost,99,1,216,216,100,subset,probability
318,intermediate,16,16,40,won,67,3,216,216,67,subset,probability
319,intermediate,16,16,40,won,81,0,216,216,81,subset,probability
320,intermediate,16,16,40,won,109,4,216,216,109,subset,probability
321,intermediate,16,16,40,won,87,0,216,216,87,subset,probability
322,intermediate,16,16,40,lost,61,1,215,216,63,subset,probability
323,intermediate,16,16,40,won,78,0,216,216,78,subset,probability
324,intermediate,16,16,40,lost,3,1,24,216,196,subset,probability
325,intermediate,16,16,40,won,83,1,216,216,83,subset,probability
326,intermediate,16,16,40,won,69,0,216,216,69,subset,probability
327,intermediate,16,16,40,won,73,0,216,216,73,subset,probability
328,intermediate,16,16,40,won,89,0,216,216,89,subset,probability
329,intermediate,16,16,40,won,83,0,216,216,83,subset,probability
330,intermediate,16,16,40,won,71,4,216,216,71,subset,probability
331,intermediate,16,16,40,won,93,1,216,216,93,subset,probability
332,intermediate,16,16,40,won,83,0,216,216,83,subset,probability
333,intermediate,16,16,40,won,90,0,216,216,90,subset,probability
334,intermediate,16,16,40,won,116,0,216,216,116,subset,probability
335,intermediate,16,16,40,won,64,1,216,216,64,subset,probability
336,intermediate,16,16,40,won,82,0,216,216,82,subset,probability
337,intermediate,16,16,40,won,83,2,216,216,83,subset,probability
338,intermediate,16,16,40,won,74,0,216,216,74,subset,probability
339,intermediate,16,16,40,won,97,1,216,216,97,subset,probability
340,intermediate,16,16,40,won,74,0,216,216,74,subset,probability
341,intermediate,16,16,40,won,73,0,216,216,73,subset,probability
342,intermediate,16,16,40,won,67,3,216,216,67,subset,probability
343,intermediate,16,16,40,won,70,1,216,216,70,subset,probability
344,intermediate,16,16,40,won,84,0,216,216,84,subset,probability
345,intermediate,16,16,40,won,87,0,216,216,87,subset,probability
346,intermediate,16,16,40,won,73,2,216,216,73,subset,probability
347,intermediate,16,16,40,won,67,1,216,216,67,subset,probability
348,intermediate,16,16,40,won,55,0,216,216,55,subset,probability
349,intermediate,16,16,40,won,67,1,216,216,67,subset,probability
350,intermediate,16,16,40,lost,18,2,97,216,138,subset,probability
351,intermediate,16,16,40,won,79,1,216,216,79,subset,probability
352,intermediate,16,16,40,won,71,0,216,216,71,subset,probability
353,intermediate,16,16,40,won,79,0,216,216,79,subset,probability
354,intermediate,16,16,40,lost,63,3,204,216,76,subset,probability
355,intermediate,16,16,40,won,77,0,216,216,77,subset,probability
356,intermediate,16,16,40,won,61,1,216,216,61,subset,probability
357,intermediate,16,16,40,lost,77,1,215,216,79,subset,probability
358,intermediate,16,16,40,won,87,1,216,216,87,subset,probability
359,intermediate,16,16,40,won,88,0,216,216,88,subset,probability
360,intermediate,16,16,40,won,91,0,216,216,91,subset,probability
361,intermediate,16,16,40,won,91,2,216,216,91,subset,probability
362,intermediate,16,16,40,won,67,1,216,216,67,subset,probability
363,intermediate,16,16,40,lost,73,1,215,216,75,subset,probability
364,intermediate,16,16,40,won,74,3,216,216,74,subset,probability
365,intermediate,16,16,40,won,82,3,216,216,82,subset,probability
366,intermediate,16,16,40,lost,89,2,216,216,90,subset,probability
367,intermediate,16,16,40,won,88,8,216,216,88,subset,probability
368,intermediate,16,16,40,won,72,0,216,216,72,subset,probability
369,intermediate,16,16,40,won,83,4,216,216,83,subset,probability
370,intermediate,16,16,40,lost,86,1,215,216,88,subset,probability
371,intermediate,16,16,40,won,87,0,216,216,87,subset,probability
372,intermediate,16,16,40,won,86,0,216,216,86,subset,probability
373,intermediate,16,16,40,won,85,4,216,216,85,subset,probability
374,intermediate,16,16,40,won,79,1,216,216,79,subset,probability
375,intermediate,16,16,40,won,109,0,216,216,109,subset,probability
376,intermediate,16,16,40,won,65,0,216,216,65,subset,probability
377,intermediate,16,16,40,won,68,0,216,216,68,subset,probability
378,intermediate,16,16,40,won,72,0,216,216,72,subset,probability
379,intermediate,16,16,40,won,81,0,216,216,81,subset,probability
380,intermediate,16,16,40,won,95,0,216,216,95,subset,probability
381,intermediate,16,16,40,lost,17,4,31,216,203,subset,probability
382,intermediate,16,16,40,won,65,0,216,216,65,subset,probability
383,intermediate,16,16,40,won,78,1,216,216,78,subset,probability
384,intermediate,16,16,40,won,95,0,216,216,95,subset,probability
385,intermediate,16,16,40,lost,42,1,215,216,44,subset,probability
386,intermediate,16,16,40,won,71,1,216,216,71,subset,probability
387,intermediate,16,16,40,lost,78,2,215,216,80,subset,probability
388,intermediate,16,16,40,won,111,5,216,216,111,subset,probability
389,intermediate,16,16,40,won,77,0,216,216,77,subset,probability
390,intermediate,16,16,40,won,84,3,216,216,84,subset,probability
391,intermediate,16,16,40,lost,74,1,210,216,81,subset,probability
392,intermediate,16,16,40,won,77,0,216,216,77,subset,probability
393,intermediate,16,16,40,won,87,0,216,216,87,subset,probability
394,intermediate,16,16,40,won,65,0,216,216,65,subset,probability
395,intermediate,16,16,40,won,68,0,216,216,68,subset,probability
396,intermediate,16,16,40,lost,61,1,171,216,107,subset,probability
397,intermediate,16,16,40,won,85,0,216,216,85,subset,probability
398,intermediate,16,16,40,won,72,0,216,216,72,subset,probability
399,intermediate,16,16,40,lost,88,3,213,216,92,subset,probability
400,intermediate,16,16,40,won,96,0,216,216,96,subset,probability
401,intermediate,16,16,40,won,92,0,216,216,92,subset,probability
402,intermediate,16,16,40,won,57,0,216,216,57,subset,probability
403,intermediate,16,16,40,lost,64,1,215,216,66,subset,probability
404,intermediate,16,16,40,won,69,0,216,216,69,subset,probability
405,intermediate,16,16,40,won,90,0,216,216,90,subset,probability
406,intermediate,16,16,40,won,74,0,216,216,74,subset,probability
407,intermediate,16,16,40,lost,79,1,216,216,80,subset,probability
408,intermediate,16,16,40,won,83,1,216,216,83,subset,probability
409,intermediate,16,16,40,won,100,1,216,216,100,subset,probability
410,intermediate,16,16,40,won,91,0,216,216,91,subset,probability
411,intermediate,16,16,40,won,55,0,216,216,55,subset,probability
412,intermediate,16,16,40,lost,77,3,216,216,78,subset,probability
413,intermediate,16,16,40,won,78,1,216,216,78,subset,probability
414,intermediate,16,16,40,won,81,2,216,216,81,subset,probability
415,intermediate,16,16,40,won,74,0,216,216,74,subset,probability
416,intermediate,16,16,40,lost,5,4,16,216,206,subset,probability
417,intermediate,16,16,40,won,113,2,216,216,113,subset,probability
418,intermediate,16,16,40,won,99,0,216,216,99,subset,probability
419,intermediate,16,16,40,won,94,0,216,216,94,subset,probability
420,intermediate,16,16,40,lost,65,1,214,216,68,subset,probability
421,intermediate,16,16,40,lost,73,1,205,216,85,subset,probability
422,intermediate,16,16,40,won,84,0,216,216,84,subset,probability
423,intermediate,16,16,40,won,112,0,216,216,112,subset,probability
424,intermediate,16,16,40,won,85,2,216,216,85,subset,probability
425,intermediate,16,16,40,lost,86,1,216,216,87,subset,probability
426,intermediate,16,16,40,won,71,0,216,216,71,subset,probability
427,intermediate,16,16,40,lost,72,1,215,216,74,subset,probability
428,intermediate,16,16,40,won,72,5,216,216,72,subset,probability
429,intermediate,16,16,40,won,80,0,216,216,80,subset,probability
430,intermediate,16,16,40,won,86,0,216,216,86,subset,probability
431,intermediate,16,16,40,won,73,0,216,216,73,subset,probability
432,intermediate,16,16,40,won,77,0,216,216,77,subset,probability
433,intermediate,16,16,40,won,83,0,216,216,83,subset,probability
434,intermediate,16,16,40,won,87,0,216,216,87,subset,probability
435,intermediate,16,16,40,won,85,0,216,216,85,subset,probability
436,intermediate,16,16,40,won,74,0,216,216,74,subset,probability
437,intermediate,16,16,40,won,70,0,216,216,70,subset,probability
438,intermediate,16,16,40,won,92,0,216,216,92,subset,probability
439,intermediate,16,16,40,won,92,0,216,216,92,subset,probability
440,intermediate,16,16,40,won,88,3,216,216,88,subset,probability
441,intermediate,16,16,40,won,97,0,216,216,97,subset,probability
442,intermediate,16,16,40,won,95,4,216,216,95,subset,probability
443,intermediate,16,16,40,lost,82,2,216,216,83,subset,probability
444,intermediate,16,16,40,won,83,0,216,216,83,subset,probability
445,intermediate,16,16,40,won,72,2,216,216,72,subset,probability
446,intermediate,16,16,40,lost,108,2,216,216,109,subset,probability
447,intermediate,16,16,40,won,82,0,216,216,82,subset,probability
448,intermediate,16,16,40,lost,84,2,215,216,86,subset,probability
449,intermediate,16,16,40,won,78,1,216,216,78,subset,probability
450,intermediate,16,16,40,lost,28,9,132,216,113,subset,probability
451,intermediate,16,16,40,won,83,0,216,216,83,subset,probability
452,intermediate,16,16,40,won,79,1,216,216,79,subset,probability
453,intermediate,16,16,40,won,91,0,216,216,91,subset,probability
454,intermediate,16,16,40,won,67,0,216,216,67,subset,probability
455,intermediate,16,16,40,lost,77,1,216,216,78,subset,probability
456,intermediate,16,16,40,won,92,0,216,216,92,subset,probability
457,intermediate,16,16,40,won,82,0,216,216,82,subset,probability
458,intermediate,16,16,40,won,64,0,216,216,64,subset,probability
459,intermediate,16,16,40,won,72,1,216,216,72,subset,probability
460,intermediate,16,16,40,won,82,3,216,216,82,subset,probability
461,intermediate,16,16,40,won,56,0,216,216,56,subset,probability
462,intermediate,16,16,40,won,89,0,216,216,89,subset,probability
463,intermediate,16,16,40,won,103,0,216,216,103,subset,probability
464,intermediate,16,16,40,lost,72,2,211,216,78,subset,probability
465,intermediate,16,16,40,lost,87,1,214,216,90,subset,probability
466,intermediate,16,16,40,won,57,1,216,216,57,subset,probability
467,intermediate,16,16,40,lost,85,1,216,216,86,subset,probability
468,intermediate,16,16,40,won,84,0,216,216,84,subset,probability
469,intermediate,16,16,40,lost,78,1,216,216,79,subset,probability
470,intermediate,16,16,40,won,82,0,216,216,82,subset,probability
471,intermediate,16,16,40,won,84,0,216,216,84,subset,probability
472,intermediate,16,16,40,lost,72,1,215,216,74,subset,probability
473,intermediate,16,16,40,won,115,10,216,216,115,subset,probability
474,intermediate,16,16,40,won,83,0,216,216,83,subset,probability
475,intermediate,16,16,40,won,89,0,216,216,89,subset,probability
476,intermediate,16,16,40,won,61,4,216,216,61,subset,probability
477,intermediate,16,16,40,lost,44,2,150,216,111,subset,probability
478,intermediate,16,16,40,won,82,0,216,216,82,subset,probability
479,intermediate,16,16,40,won,85,1,216,216,85,subset,probability
480,intermediate,16,16,40,won,88,0,216,216,88,subset,probability
481,intermediate,16,16,40,won,72,1,216,216,72,subset,probability
482,intermediate,16,16,40,lost,7,6,18,216,206,subset,probability
483,intermediate,16,16,40,won,103,0,216,216,103,subset,probability
484,intermediate,16,16,40,won,79,5,216,216,79,subset,probability
485,intermediate,16,16,40,won,81,0,216,216,81,subset,probability
486,intermediate,16,16,40,lost,71,2,211,216,77,subset,probability
487,intermediate,16,16,40,lost,56,2,214,216,59,subset,probability
488,intermediate,16,16,40,won,83,0,216,216,83,subset,probability
489,intermediate,16,16,40,won,81,8,216,216,81,subset,probability
490,intermediate,16,16,40,lost,53,2,198,216,72,subset,probability
491,intermediate,16,16,40,won,77,0,216,216,77,subset,probability
492,intermediate,16,16,40,won,101,0,216,216,101,subset,probability
493,intermediate,16,16,40,won,82,0,216,216,82,subset,probability
494,intermediate,16,16,40,won,59,0,216,216,59,subset,probability
495,intermediate,16,16,40,won,99,0,216,216,99,subset,probability
496,intermediate,16,16,40,lost,79,4,215,216,81,subset,probability
497,intermediate,16,16,40,won,84,0,216,216,84,subset,probability
498,intermediate,16,16,40,won,69,6,216,216,69,subset,probability
499,intermediate,16,16,40,won,98,6,216,216,98,subset,probability
500,intermediate,16,16,40,lost,63,1,202,216,78,subset,probability
501,intermediate,16,16,40,won,87,0,216,216,87,subset,probability
502,intermediate,16,16,40,won,75,1,216,216,75,subset,probability
503,intermediate,16,16,40,won,86,3,216,216,86,subset,probability
504,intermediate,16,16,40,won,79,0,216,216,79,subset,probability
505,intermediate,16,16,40,lost,63,1,216,216,64,subset,probability
506,intermediate,16,16,40,won,99,0,216,216,99,subset,probability
507,intermediate,16,16,40,won,109,0,216,216,109,subset,probability
508,intermediate,16,16,40,won,71,0,216,216,71,subset,probability
509,intermediate,16,16,40,won,108,3,216,216,108,subset,probability
510,intermediate,16,16,40,won,79,0,216,216,79,subset,probability
511,intermediate,16,16,40,lost,9,2,34,216,192,subset,probability
512,intermediate,16,16,40,won,108,2,216,216,108,subset,probability
513,intermediate,16,16,40,won,72,0,216,216,72,subset,probability
514,intermediate,16,16,40,won,88,6,216,216,88,subset,probability
515,intermediate,16,16,40,lost,86,1,215,216,88,subset,probability
516,intermediate,16,16,40,won,89,0,216,216,89,subset,probability
517,intermediate,16,16,40,won,66,0,216,216,66,subset,probability
518,intermediate,16,16,40,won,60,0,216,216,60,subset,probability
519,intermediate,16,16,40,won,89,0,216,216,89,subset,probability
520,intermediate,16,16,40,won,74,2,216,216,74,subset,probability
521,intermediate,16,16,40,won,79,1,216,216,79,subset,probability
522,intermediate,16,16,40,lost,65,1,216,216,66,subset,probability
523,intermediate,16,16,40,won,69,0,216,216,69,subset,probability
524,intermediate,16,16,40,lost,56,3,211,216,62,subset,probability
525,intermediate,16,16,40,won,60,0,216,216,60,subset,probability
526,intermediate,16,16,40,won,97,0,216,216,97,subset,probability
527,intermediate,16,16,40,won,85,0,216,216,85,subset,probability
528,intermediate,16,16,40,won,91,0,216,216,91,subset,probability
529,intermediate,16,16,40,won,67,0,216,216,67,subset,probability
530,intermediate,16,16,40,won,66,0,216,216,66,subset,probability
531,intermediate,16,16,40,won,90,0,216,216,90,subset,probability
532,intermediate,16,16,40,won,89,2,216,216,89,subset,probability
533,intermediate,16,16,40,won,80,0,216,216,80,subset,probability
534,intermediate,16,16,40,won,96,1,216,216,96,subset,probability
535,intermediate,16,16,40,lost,96,4,215,216,98,subset,probability
536,intermediate,16,16,40,won,95,0,216,216,95,subset,probability
537,intermediate,16,16,40,won,86,1,216,216,86,subset,probability
538,intermediate,16,16,40,won,71,1,216,216,71,subset,probability
539,intermediate,16,16,40,won,56,1,216,216,56,subset,probability
540,intermediate,16,16,40,won,85,1,216,216,85,subset,probability
541,intermediate,16,16,40,won,60,1,216,216,60,subset,probability
542,intermediate,16,16,40,won,74,0,216,216,74,subset,probability
543,intermediate,16,16,40,won,86,3,216,216,86,subset,probability
544,intermediate,16,16,40,lost,49,1,200,216,66,subset,probability
545,intermediate,16,16,40,lost,78,1,216,216,79,subset,probability
546,intermediate,16,16,40,won,68,0,216,216,68,subset,probability
547,intermediate,16,16,40,won,85,2,216,216,85,subset,probability
548,intermediate,16,16,40,won,89,0,216,216,89,subset,probability
549,intermediate,16,16,40,won,87,1,216,216,87,subset,probability
550,intermediate,16,16,40,lost,72,1,214,216,75,subset,probability
551,intermediate,16,16,40,won,106,1,216,216,106,subset,probability
552,intermediate,16,16,40,won,96,0,216,216,96,subset,probability
553,intermediate,16,16,40,lost,54,1,216,216,55,subset,probability
554,intermediate,16,16,40,won,63,0,216,216,63,subset,probability
555,intermediate,16,16,40,won,62,0,216,216,62,subset,probability
556,intermediate,16,16,40,won,91,0,216,216,91,subset,probability
557,intermediate,16,16,40,lost,79,2,213,216,83,subset,probability
558,intermediate,16,16,40,won,103,0,216,216,103,subset,probability
559,intermediate,16,16,40,won,108,1,216,216,108,subset,probability
560,intermediate,16,16,40,won,80,0,216,216,80,subset,probability
561,intermediate,16,16,40,won,90,3,216,216,90,subset,probability
562,intermediate,16,16,40,won,94,0,216,216,94,subset,probability
563,intermediate,16,16,40,lost,93,1,215,216,95,subset,probability
564,intermediate,16,16,40,won,79,1,216,216,79,subset,probability
565,intermediate,16,16,40,won,63,0,216,216,63,subset,probability
566,intermediate,16,16,40,won,91,0,216,216,91,subset,probability
567,intermediate,16,16,40,won,81,0,216,216,81,subset,probability
568,intermediate,16,16,40,won,65,1,216,216,65,subset,probability
569,intermediate,16,16,40,won,65,1,216,216,65,subset,probability
570,intermediate,16,16,40,won,66,0,216,216,66,subset,probability
571,intermediate,16,16,40,won,104,0,216,216,104,subset,probability
572,intermediate,16,16,40,won,72,0,216,216,72,subset,probability
573,intermediate,16,16,40,won,81,0,216,216,81,subset,probability
574,intermediate,16,16,40,lost,2,1,10,216,209,subset,probability
575,intermediate,16,16,40,won,76,1,216,216,76,subset,probability
576,intermediate,16,16,40,won,77,0,216,216,77,subset,probability
577,intermediate,16,16,40,won,110,1,216,216,110,subset,probability
578,intermediate,16,16,40,won,83,0,216,216,83,subset,probability
579,intermediate,16,16,40,won,75,0,216,216,75,subset,probability
580,intermediate,16,16,40,won,79,2,216,216,79,subset,probability
581,intermediate,16,16,40,won,71,3,216,216,71,subset,probability
582,intermediate,16,16,40,won,78,1,216,216,78,subset,probability
583,intermediate,16,16,40,lost,72,1,208,216,81,subset,probability
584,intermediate,16,16,40,won,87,0,216,216,87,subset,probability
585,intermediate,16,16,40,won,81,0,216,216,81,subset,probability
586,intermediate,16,16,40,won,48,0,216,216,48,subset,probability
587,intermediate,16,16,40,won,86,0,216,216,86,subset,probability
588,intermediate,16,16,40,won,67,0,216,216,67,subset,probability
589,intermediate,16,16,40,lost,56,1,193,216,80,subset,probability
590,intermediate,16,16,40,won,89,5,216,216,89,subset,probability
591,intermediate,16,16,40,won,78,0,216,216,78,subset,probability
592,intermediate,16,16,40,won,77,1,216,216,77,subset,probability
593,intermediate,16,16,40,won,58,0,216,216,58,subset,probability
594,intermediate,16,16,40,lost,87,1,216,216,88,subset,probability
595,intermediate,16,16,40,lost,73,1,216,216,74,subset,probability
596,intermediate,16,16,40,won,72,1,216,216,72,subset,probability
597,intermediate,16,16,40,won,62,1,216,216,62,subset,probability
598,intermediate,16,16,40,won,67,0,216,216,67,subset,probability
599,intermediate,16,16,40,won,84,2,216,216,84,subset,probability
600,intermediate,16,16,40,lost,67,5,216,216,68,subset,probability
601,expert,30,16,99,lost,165,8,357,381,190,subset,probability
602,expert,30,16,99,won,185,3,381,381,185,subset,probability
603,expert,30,16,99,won,198,2,381,381,198,subset,probability
604,expert,30,16,99,lost,117,6,233,381,266,subset,probability
605,expert,30,16,99,won,199,1,381,381,199,subset,probability
606,expert,30,16,99,won,206,4,381,381,206,subset,probability
607,expert,30,16,99,lost,190,2,355,381,217,subset,probability
608,expert,30,16,99,lost,216,6,381,381,217,subset,probability
609,expert,30,16,99,won,204,7,381,381,204,subset,probability
610,expert,30,16,99,lost,13,8,37,381,358,subset,probability
611,expert,30,16,99,lost,84,4,272,381,194,subset,probability
612,expert,30,16,99,won,194,4,381,381,194,subset,probability
613,expert,30,16,99,won,215,3,381,381,215,subset,probability
614,expert,30,16,99,won,174,2,381,381,174,subset,probability
615,expert,30,16,99,lost,248,2,375,381,255,subset,probability
616,expert,30,16,99,lost,192,4,374,381,200,subset,probability
617,expert,30,16,99,lost,203,11,379,381,206,subset,probability
618,expert,30,16,99,won,222,4,381,381,222,subset,probability
619,expert,30,16,99,lost,182,1,371,381,193,subset,probability
620,expert,30,16,99,lost,12,6,29,381,365,subset,probability
621,expert,30,16,99,lost,194,5,319,381,257,subset,probability
622,expert,30,16,99,lost,123,6,261,381,244,subset,probability
623,expert,30,16,99,lost,129,1,319,381,192,subset,probability
624,expert,30,16,99,won,208,4,381,381,208,subset,probability
625,expert,30,16,99,lost,165,1,322,381,225,subset,probability
626,expert,30,16,99,won,225,7,381,381,225,subset,probability
627,expert,30,16,99,won,222,1,381,381,222,subset,probability
628,expert,30,16,99,won,208,1,381,381,208,subset,probability
629,expert,30,16,99,lost,216,1,374,381,224,subset,probability
630,expert,30,16,99,lost,110,2,274,381,218,subset,probability
631,expert,30,16,99,won,215,5,381,381,215,subset,probability
632,expert,30,16,99,lost,209,4,376,381,215,subset,probability
633,expert,30,16,99,lost,135,3,280,381,237,subset,probability
634,expert,30,16,99,lost,13,11,28,381,367,subset,probability
635,expert,30,16,99,won,234,3,381,381,234,subset,probability
636,expert,30,16,99,won,199,0,381,381,199,subset,probability
637,expert,30,16,99,lost,218,9,379,381,221,subset,probability
638,expert,30,16,99,won,203,2,381,381,203,subset,probability
639,expert,30,16,99,lost,4,2,41,381,345,subset,probability
640,expert,30,16,99,lost,173,4,355,381,200,subset,probability
641,expert,30,16,99,lost,132,10,234,381,280,subset,probability
642,expert,30,16,99,won,217,3,381,381,217,subset,probability
643,expert,30,16,99,lost,177,6,359,381,200,subset,probability
644,expert,30,16,99,won,196,5,381,381,196,subset,probability
645,expert,30,16,99,lost,186,1,378,381,190,subset,probability
646,expert,30,16,99,won,225,4,381,381,225,subset,probability
647,expert,30,16,99,lost,68,13,131,381,319,subset,probability
648,expert,30,16,99,lost,192,2,381,381,193,subset,probability
649,expert,30,16,99,won,212,2,381,381,212,subset,probability
650,expert,30,16,99,won,222,13,381,381,222,subset,probability
651,expert,30,16,99,lost,192,4,379,381,195,subset,probability
652,expert,30,16,99,lost,26,1,46,381,362,subset,probability
653,expert,30,16,99,lost,120,4,269,381,233,subset,probability
654,expert,30,16,99,lost,151,5,280,381,253,subset,probability
655,expert,30,16,99,lost,129,2,247,381,264,subset,probability
656,expert,30,16,99,lost,178,5,375,381,185,subset,probability
657,expert,30,16,99,won,233,13,381,381,233,subset,probability
658,expert,30,16,99,won,236,17,381,381,236,subset,probability
659,expert,30,16,99,lost,175,7,369,381,188,subset,probability
660,expert,30,16,99,lost,122,3,299,381,205,subset,probability
661,expert,30,16,99,lost,195,5,377,381,200,subset,probability
662,expert,30,16,99,lost,12,11,23,381,371,subset,probability
663,expert,30,16,99,won,197,3,381,381,197,subset,probability
664,expert,30,16,99,lost,161,5,381,381,162,subset,probability
665,expert,30,16,99,won,160,2,381,381,160,subset,probability
666,expert,30,16,99,lost,7,5,24,381,365,subset,probability
667,expert,30,16,99,lost,4,3,12,381,374,subset,probability
668,expert,30,16,99,won,235,2,381,381,235,subset,probability
669,expert,30,16,99,lost,153,4,358,381,177,subset,probability
670,expert,30,16,99,lost,189,4,376,381,195,subset,probability
671,expert,30,16,99,lost,224,3,380,381,226,subset,probability
672,expert,30,16,99,won,196,6,381,381,196,subset,probability
673,expert,30,16,99,won,228,1,381,381,228,subset,probability
674,expert,30,16,99,lost,174,3,327,381,229,subset,probability
675,expert,30,16,99,lost,215,3,379,381,218,subset,probability
676,expert,30,16,99,lost,162,3,351,381,193,subset,probability
677,expert,30,16,99,won,173,1,381,381,173,subset,probability
678,expert,30,16,99,lost,5,4,16,381,371,subset,probability
679,expert,30,16,99,won,186,9,381,381,186,subset,probability
680,expert,30,16,99,lost,4,2,21,381,365,subset,probability
681,expert,30,16,99,lost,221,3,379,381,224,subset,probability
682,expert,30,16,99,lost,214,10,377,381,219,subset,probability
683,expert,30,16,99,lost,144,6,257,381,269,subset,probability
684,expert,30,16,99,won,219,6,381,381,219,subset,probability
685,expert,30,16,99,lost,248,11,380,381,250,subset,probability
686,expert,30,16,99,lost,194,5,374,381,202,subset,probability
687,expert,30,16,99,won,231,3,381,381,231,subset,probability
688,expert,30,16,99,lost,10,5,21,381,371,subset,probability
689,expert,30,16,99,won,212,1,381,381,212,subset,probability
690,expert,30,16,99,won,203,2,381,381,203,subset,probability
691,expert,30,16,99,lost,113,7,255,381,240,subset,probability
692,expert,30,16,99,won,213,6,381,381,213,subset,probability
693,expert,30,16,99,lost,212,13,381,381,213,subset,probability
694,expert,30,16,99,lost,168,5,327,381,223,subset,probability
695,expert,30,16,99,lost,162,2,343,381,201,subset,probability
696,expert,30,16,99,lost,206,13,380,381,208,subset,probability
697,expert,30,16,99,lost,103,5,254,381,231,subset,probability
698,expert,30,16,99,won,173,1,381,381,173,subset,probability
699,expert,30,16,99,lost,183,2,380,381,185,subset,probability
700,expert,30,16,99,lost,195,7,381,381,196,subset,probability
701,expert,30,16,99,won,222,1,381,381,222,subset,probability
702,expert,30,16,99,lost,8,7,19,381,371,subset,probability
703,expert,30,16,99,lost,163,6,364,381,181,subset,probability
704,expert,30,16,99,won,192,7,381,381,192,subset,probability
705,expert,30,16,99,lost,199,7,364,381,217,subset,probability
706,expert,30,16,99,lost,187,12,380,381,189,subset,probability
707,expert,30,16,99,lost,79,7,185,381,276,subset,probability
708,expert,30,16,99,won,185,6,381,381,185,subset,probability
709,expert,30,16,99,lost,132,3,265,381,249,subset,probability
710,expert,30,16,99,won,228,2,381,381,228,subset,probability
711,expert,30,16,99,won,202,2,381,381,202,subset,probability
712,expert,30,16,99,lost,139,1,327,381,194,subset,probability
713,expert,30,16,99,lost,170,3,379,381,173,subset,probability
714,expert,30,16,99,lost,201,6,380,381,203,subset,probability
715,expert,30,16,99,lost,169,6,379,381,172,subset,probability
716,expert,30,16,99,won,222,3,381,381,222,subset,probability
717,expert,30,16,99,won,221,5,381,381,221,subset,probability
718,expert,30,16,99,won,200,7,381,381,200,subset,probability
719,expert,30,16,99,won,200,7,381,381,200,subset,probability
720,expert,30,16,99,lost,58,2,117,381,323,subset,probability
721,expert,30,16,99,won,245,4,381,381,245,subset,probability
722,expert,30,16,99,lost,5,4,16,381,371,subset,probability
723,expert,30,16,99,won,197,3,381,381,197,subset,probability
724,expert,30,16,99,lost,155,2,296,381,241,subset,probability
725,expert,30,16,99,lost,196,3,379,381,199,subset,probability
726,expert,30,16,99,lost,226,2,380,381,228,subset,probability
727,expert,30,16,99,lost,7,6,15,381,374,subset,probability
728,expert,30,16,99,lost,115,7,229,381,268,subset,probability
729,expert,30,16,99,won,215,0,381,381,215,subset,probability
730,expert,30,16,99,won,222,7,381,381,222,subset,probability
731,expert,30,16,99,lost,12,4,29,381,365,subset,probability
732,expert,30,16,99,lost,169,3,377,381,174,subset,probability
733,expert,30,16,99,lost,149,8,300,381,231,subset,probability
734,expert,30,16,99,won,217,12,381,381,217,subset,probability
735,expert,30,16,99,lost,194,5,363,381,213,subset,probability
736,expert,30,16,99,won,179,2,381,381,179,subset,probability
737,expert,30,16,99,lost,178,11,380,381,180,subset,probability
738,expert,30,16,99,lost,161,8,373,381,170,subset,probability
739,expert,30,16,99,won,222,8,381,381,222,subset,probability
740,expert,30,16,99,won,213,11,381,381,213,subset,probability
741,expert,30,16,99,won,216,9,381,381,216,subset,probability
742,expert,30,16,99,lost,182,7,371,381,193,subset,probability
743,expert,30,16,99,lost,8,3,21,381,369,subset,probability
744,expert,30,16,99,lost,12,5,20,381,374,subset,probability
745,expert,30,16,99,lost,219,1,381,381,220,subset,probability
746,expert,30,16,99,lost,154,4,338,381,198,subset,probability
747,expert,30,16,99,lost,199,2,364,381,217,subset,probability
748,expert,30,16,99,lost,28,2,103,381,307,subset,probability
749,expert,30,16,99,lost,197,2,377,381,202,subset,probability
750,expert,30,16,99,won,208,7,381,381,208,subset,probability
751,expert,30,16,99,won,224,1,381,381,224,subset,probability
752,expert,30,16,99,won,203,9,381,381,203,subset,probability
753,expert,30,16,99,lost,10,4,18,381,374,subset,probability
754,expert,30,16,99,lost,134,1,219,381,297,subset,probability
755,expert,30,16,99,lost,25,3,33,381,374,subset,probability
756,expert,30,16,99,won,204,6,381,381,204,subset,probability
757,expert,30,16,99,lost,199,2,341,381,240,subset,probability
758,expert,30,16,99,won,228,16,381,381,228,subset,probability
759,expert,30,16,99,won,212,2,381,381,212,subset,probability
760,expert,30,16,99,lost,208,7,377,381,213,subset,probability
761,expert,30,16,99,lost,191,2,333,381,240,subset,probability
762,expert,30,16,99,lost,195,2,366,381,211,subset,probability
763,expert,30,16,99,lost,208,2,333,381,257,subset,probability
764,expert,30,16,99,won,224,16,381,381,224,subset,probability
765,expert,30,16,99,won,242,0,381,381,242,subset,probability
766,expert,30,16,99,lost,162,3,339,381,205,subset,probability
767,expert,30,16,99,won,169,7,381,381,169,subset,probability
768,expert,30,16,99,lost,203,4,369,381,216,subset,probability
769,expert,30,16,99,lost,126,9,223,381,285,subset,probability
770,expert,30,16,99,lost,169,5,376,381,175,subset,probability
771,expert,30,16,99,won,206,2,381,381,206,subset,probability
772,expert,30,16,99,lost,118,7,253,381,247,subset,probability
773,expert,30,16,99,lost,98,5,257,381,223,subset,probability
774,expert,30,16,99,lost,174,12,352,381,204,subset,probability
775,expert,30,16,99,won,239,0,381,381,239,subset,probability
776,expert,30,16,99,lost,190,5,341,381,231,subset,probability
777,expert,30,16,99,lost,222,6,379,381,225,subset,probability
778,expert,30,16,99,lost,7,5,21,381,368,subset,probability
779,expert,30,16,99,won,214,9,381,381,214,subset,probability
780,expert,30,16,99,lost,163,4,258,381,287,subset,probability
781,expert,30,16,99,won,210,13,381,381,210,subset,probability
782,expert,30,16,99,lost,4,3,12,381,374,subset,probability
783,expert,30,16,99,lost,190,2,372,381,200,subset,probability
784,expert,30,16,99,lost,134,3,300,381,216,subset,probability
785,expert,30,16,99,lost,183,1,371,381,194,subset,probability
786,expert,30,16,99,lost,135,2,245,381,272,subset,probability
787,expert,30,16,99,won,183,11,381,381,183,subset,probability
788,expert,30,16,99,lost,12,11,35,381,359,subset,probability
789,expert,30,16,99,won,210,8,381,381,210,subset,probability
790,expert,30,16,99,lost,182,4,373,381,191,subset,probability
791,expert,30,16,99,lost,145,5,263,381,264,subset,probability
792,expert,30,16,99,lost,71,2,219,381,234,subset,probability
793,expert,30,16,99,lost,183,5,341,381,224,subset,probability
794,expert,30,16,99,lost,128,5,260,381,250,subset,probability
795,expert,30,16,99,won,192,9,381,381,192,subset,probability
796,expert,30,16,99,won,183,6,381,381,183,subset,probability
797,expert,30,16,99,won,195,4,381,381,195,subset,probability
798,expert,30,16,99,won,234,2,381,381,234,subset,probability
799,expert,30,16,99,lost,176,3,339,381,219,subset,probability
800,expert,30,16,99,won,204,1,381,381,204,subset,probability
801,mixed,11,17,38,lost,32,4,94,149,88,subset,probability
802,mixed,13,14,35,won,77,9,147,147,77,subset,probability
803,mixed,15,18,35,won,62,0,235,235,62,subset,probability
804,mixed,10,21,25,won,44,0,185,185,44,subset,probability
805,mixed,17,22,71,won,123,7,303,303,123,subset,probability
806,mixed,19,10,29,won,49,0,161,161,49,subset,probability
807,mixed,14,17,46,won,87,2,192,192,87,subset,probability
808,mixed,17,16,40,won,71,1,232,232,71,subset,probability
809,mixed,19,12,42,won,92,0,186,186,92,subset,probability
810,mixed,15,16,45,won,80,2,195,195,80,subset,probability
811,mixed,12,10,22,lost,33,1,93,98,39,subset,probability
812,mixed,15,11,29,won,49,0,136,136,49,subset,probability
813,mixed,23,9,43,lost,79,2,157,164,87,subset,probability
814,mixed,22,16,75,won,169,0,277,277,169,subset,probability
815,mixed,9,19,31,won,69,1,140,140,69,subset,probability
816,mixed,13,11,17,won,24,0,126,126,24,subset,probability
817,mixed,20,8,24,won,48,0,136,136,48,subset,probability
818,mixed,16,17,53,lost,12,2,41,219,191,subset,probability
819,mixed,22,11,53,lost,88,2,174,189,104,subset,probability
820,mixed,15,16,46,lost,13,3,21,194,187,subset,probability
821,mixed,8,20,33,won,64,1,127,127,64,subset,probability
822,mixed,20,8,23,won,55,0,137,137,55,subset,probability
823,mixed,12,14,30,won,54,0,138,138,54,subset,probability
824,mixed,23,10,40,won,101,3,190,190,101,subset,probability
825,mixed,8,22,27,won,68,4,149,149,68,subset,probability
826,mixed,8,22,37,won,80,6,139,139,80,subset,probability
827,mixed,8,22,30,lost,29,12,132,146,44,subset,probability
828,mixed,23,20,76,lost,139,1,384,384,140,subset,probability
829,mixed,16,21,59,lost,74,9,234,277,118,subset,probability
830,mixed,22,18,71,won,159,1,325,325,159,subset,probability
831,mixed,18,11,29,won,67,0,169,169,67,subset,probability
832,mixed,13,21,47,won,83,0,226,226,83,subset,probability
833,mixed,22,12,41,won,117,0,223,223,117,subset,probability
834,mixed,10,21,26,won,48,0,184,184,48,subset,probability
835,mixed,11,9,14,won,24,0,85,85,24,subset,probability
836,mixed,15,8,16,won,20,0,104,104,20,subset,probability
837,mixed,16,13,26,won,45,0,182,182,45,subset,probability
838,mixed,11,24,52,won,97,4,212,212,97,subset,probability
839,mixed,14,19,40,won,62,1,226,226,62,subset,probability
840,mixed,18,24,68,won,149,0,364,364,149,subset,probability
841,mixed,18,16,34,won,60,0,254,254,60,subset,probability
842,mixed,17,23,69,won,133,2,322,322,133,subset,probability
843,mixed,8,23,36,won,62,6,148,148,62,subset,probability
844,mixed,20,12,35,won,83,0,205,205,83,subset,probability
845,mixed,17,14,39,won,76,2,199,199,76,subset,probability
846,mixed,12,24,42,won,65,0,246,246,65,subset,probability
847,mixed,22,13,45,won,111,0,241,241,111,subset,probability
848,mixed,11,8,10,won,15,0,78,78,15,subset,probability
849,mixed,9,13,22,won,40,3,95,95,40,subset,probability
850,mixed,8,13,17,won,45,0,87,87,45,subset,probability
851,mixed,11,12,16,won,34,0,116,116,34,subset,probability
852,mixed,14,15,27,won,47,1,183,183,47,subset,probability
853,mixed,21,9,38,lost,53,2,138,151,67,subset,probability
854,mixed,15,13,35,won,54,0,160,160,54,subset,probability
855,mixed,18,15,36,won,82,0,234,234,82,subset,probability
856,mixed,17,14,48,won,74,2,190,190,74,subset,probability
857,mixed,21,22,91,won,189,2,371,371,189,subset,probability
858,mixed,23,20,87,lost,5,4,16,373,363,subset,probability
859,mixed,23,14,39,won,58,0,283,283,58,subset,probability
860,mixed,15,11,20,won,22,0,145,145,22,subset,probability
861,mixed,18,11,30,won,49,1,168,168,49,subset,probability
862,mixed,14,24,62,lost,70,4,224,274,121,subset,probability
863,mixed,18,24,82,won,180,7,350,350,180,subset,probability
864,mixed,10,23,47,lost,69,3,182,183,71,subset,probability
865,mixed,11,16,22,won,39,0,154,154,39,subset,probability
866,mixed,17,15,53,won,95,5,202,202,95,subset,probability
867,mixed,10,18,36,won,60,4,144,144,60,subset,probability
868,mixed,17,22,77,lost,156,5,297,297,157,subset,probability
869,mixed,23,15,61,lost,113,8,282,284,116,subset,probability
870,mixed,17,21,71,lost,166,8,281,286,172,subset,probability
871,mixed,19,15,37,won,73,0,248,248,73,subset,probability
872,mixed,24,18,65,won,157,0,367,367,157,subset,probability
873,mixed,13,24,48,won,118,1,264,264,118,subset,probability
874,mixed,8,17,28,won,60,1,108,108,60,subset,probability
875,mixed,24,15,76,won,153,12,284,284,153,subset,probability
876,mixed,16,23,45,won,100,0,323,323,100,subset,probability
877,mixed,16,20,65,lost,161,1,255,255,162,subset,probability
878,mixed,13,13,26,won,38,0,143,143,38,subset,probability
879,mixed,20,24,76,won,152,2,404,404,152,subset,probability
880,mixed,21,24,89,lost,114,4,285,415,245,subset,probability
881,mixed,19,9,31,lost,40,2,111,140,70,subset,probability
882,mixed,22,20,66,won,119,0,374,374,119,subset,probability
883,mixed,10,12,23,won,42,6,97,97,42,subset,probability
884,mixed,11,24,56,won,118,7,208,208,118,subset,probability
885,mixed,8,10,10,lost,21,2,70,70,22,subset,probability
886,mixed,24,10,45,won,84,0,195,195,84,subset,probability
887,mixed,24,19,94,won,187,3,362,362,187,subset,probability
888,mixed,10,16,28,won,53,1,132,132,53,subset,probability
889,mixed,11,9,19,won,50,4,80,80,50,subset,probability
890,mixed,8,24,40,lost,58,1,142,152,69,subset,probability
891,mixed,18,17,41,won,81,0,265,265,81,subset,probability
892,mixed,16,18,59,lost,59,2,106,229,183,subset,probability
893,mixed,13,14,35,lost,59,5,138,147,69,subset,probability
894,mixed,19,11,36,won,89,3,173,173,89,subset,probability
895,mixed,16,11,35,won,60,1,141,141,60,subset,probability
896,mixed,9,21,36,won,83,1,153,153,83,subset,probability
897,mixed,8,12,11,won,23,1,85,85,23,subset,probability
898,mixed,22,12,38,won,97,0,226,226,97,subset,probability
899,mixed,14,17,32,won,73,0,206,206,73,subset,probability
900,mixed,19,10,38,won,89,0,152,152,89,subset,probability
901,mixed,9,12,15,won,36,0,93,93,36,subset,probability
902,mixed,17,8,24,lost,52,7,106,112,59,subset,probability
903,mixed,12,16,28,won,68,0,164,164,68,subset,probability
904,mixed,22,21,58,won,133,0,404,404,133,subset,probability
905,mixed,15,11,33,won,57,5,132,132,57,subset,probability
906,mixed,20,19,69,lost,117,6,310,311,119,subset,probability
907,mixed,9,13,17,won,26,0,100,100,26,subset,probability
908,mixed,13,10,15,won,13,0,115,115,13,subset,probability
909,mixed,14,13,25,won,55,0,157,157,55,subset,probability
910,mixed,13,13,36,won,78,2,133,133,78,subset,probability
911,mixed,16,23,49,won,89,0,319,319,89,subset,probability
912,mixed,21,18,55,won,103,0,323,323,103,subset,probability
913,mixed,12,14,22,won,34,0,146,146,34,subset,probability
914,mixed,16,11,23,won,45,0,153,153,45,subset,probability
915,mixed,14,20,33,won,74,0,247,247,74,subset,probability
916,mixed,11,23,33,won,65,0,220,220,65,subset,probability
917,mixed,19,13,48,lost,89,6,199,199,90,subset,probability
918,mixed,9,12,14,won,30,3,94,94,30,subset,probability
919,mixed,8,23,36,lost,73,3,145,148,77,subset,probability
920,mixed,20,13,31,won,70,0,229,229,70,subset,probability
921,mixed,19,19,73,won,144,6,288,288,144,subset,probability
922,mixed,10,24,39,won,104,0,201,201,104,subset,probability
923,mixed,16,12,32,lost,98,2,159,160,100,subset,probability
924,mixed,15,16,37,won,72,0,203,203,72,subset,probability
925,mixed,11,24,44,won,75,1,220,220,75,subset,probability
926,mixed,11,20,45,lost,60,8,125,175,111,subset,probability
927,mixed,23,23,106,lost,209,10,416,423,217,subset,probability
928,mixed,17,10,31,won,70,2,139,139,70,subset,probability
929,mixed,14,13,35,won,73,3,147,147,73,subset,probability
930,mixed,16,8,23,lost,32,3,80,105,58,subset,probability
931,mixed,14,20,38,won,90,0,242,242,90,subset,probability
932,mixed,16,9,25,won,41,0,119,119,41,subset,probability
933,mixed,23,12,58,lost,85,2,216,218,88,subset,probability
934,mixed,10,11,21,won,40,0,89,89,40,subset,probability
935,mixed,15,22,63,lost,13,3,36,267,245,subset,probability
936,mixed,13,11,20,won,52,1,123,123,52,subset,probability
937,mixed,14,8,16,won,40,0,96,96,40,subset,probability
938,mixed,19,10,30,won,52,1,160,160,52,subset,probability
939,mixed,24,10,38,won,79,0,202,202,79,subset,probability
940,mixed,17,16,55,lost,78,2,214,217,82,subset,probability
941,mixed,11,24,51,won,92,1,213,213,92,subset,probability
942,mixed,11,11,22,won,48,1,99,99,48,subset,probability
943,mixed,10,11,17,won,34,2,93,93,34,subset,probability
944,mixed,22,20,80,won,158,12,360,360,158,subset,probability
945,mixed,24,18,91,lost,196,3,340,341,198,subset,probability
946,mixed,20,24,100,won,209,5,380,380,209,subset,probability
947,mixed,22,9,30,won,70,0,168,168,70,subset,probability
948,mixed,9,20,25,won,50,1,155,155,50,subset,probability
949,mixed,24,23,108,lost,219,9,444,444,220,subset,probability
950,mixed,17,14,36,won,76,2,202,202,76,subset,probability
951,mixed,12,17,38,won,107,1,166,166,107,subset,probability
952,mixed,22,17,63,won,132,3,311,311,132,subset,probability
953,mixed,18,16,35,won,67,0,253,253,67,subset,probability
954,mixed,12,8,14,won,22,0,82,82,22,subset,probability
955,mixed,16,9,22,won,54,0,122,122,54,subset,probability
956,mixed,10,16,31,lost,62,4,126,129,66,subset,probability
957,mixed,13,17,34,won,78,2,187,187,78,subset,probability
958,mixed,24,15,52,won,117,1,308,308,117,subset,probability
959,mixed,10,17,36,lost,44,3,72,134,107,subset,probability
960,mixed,19,23,92,lost,175,3,345,345,176,subset,probability
961,mixed,22,10,41,lost,73,2,141,179,112,subset,probability
962,mixed,17,16,41,won,91,0,231,231,91,subset,probability
963,mixed,21,17,46,lost,59,1,307,311,64,subset,probability
964,mixed,24,19,86,won,147,2,370,370,147,subset,probability
965,mixed,22,11,49,lost,89,1,193,193,90,subset,probability
966,mixed,23,18,75,lost,7,1,42,339,305,subset,probability
967,mixed,13,23,38,won,86,0,261,261,86,subset,probability
968,mixed,13,19,30,lost,66,1,217,217,67,subset,probability
969,mixed,8,20,22,won,60,0,138,138,60,subset,probability
970,mixed,10,11,19,won,37,0,91,91,37,subset,probability
971,mixed,13,24,38,won,56,0,274,274,56,subset,probability
972,mixed,16,17,34,won,63,0,238,238,63,subset,probability
973,mixed,17,22,81,lost,155,6,288,293,161,subset,probability
974,mixed,14,9,21,won,42,0,105,105,42,subset,probability
975,mixed,19,9,36,won,71,2,135,135,71,subset,probability
976,mixed,15,19,35,won,49,1,250,250,49,subset,probability
977,mixed,12,21,45,lost,85,4,200,207,93,subset,probability
978,mixed,24,15,74,lost,6,5,17,286,276,subset,probability
979,mixed,10,23,40,lost,73,6,189,190,75,subset,probability
980,mixed,17,15,51,won,88,1,204,204,88,subset,probability
981,mixed,20,10,27,won,64,0,173,173,64,subset,probability
982,mixed,18,15,40,won,70,0,230,230,70,subset,probability
983,mixed,16,17,38,won,54,0,234,234,54,subset,probability
984,mixed,18,12,39,won,84,2,177,177,84,subset,probability
985,mixed,15,14,44,lost,46,7,141,166,72,subset,probability
986,mixed,14,12,22,won,52,0,146,146,52,subset,probability
987,mixed,19,17,43,won,69,0,280,280,69,subset,probability
988,mixed,12,18,36,won,68,0,180,180,68,subset,probability
989,mixed,10,21,32,lost,57,2,174,178,62,subset,probability
990,mixed,14,19,56,lost,118,15,208,210,121,subset,probability
991,mixed,13,22,58,won,121,0,228,228,121,subset,probability
992,mixed,21,23,63,won,113,0,420,420,113,subset,probability
993,mixed,8,19,23,won,30,0,129,129,30,subset,probability
994,mixed,11,11,14,won,28,0,107,107,28,subset,probability
995,mixed,13,12,23,won,45,0,133,133,45,subset,probability
996,mixed,14,20,52,won,121,1,228,228,121,subset,probability
997,mixed,23,9,30,won,72,2,177,177,72,subset,probability
998,mixed,11,14,32,lost,13,9,21,122,115,subset,probability
999,mixed,19,21,64,won,119,3,335,335,119,subset,probability
1000,mixed,16,20,50,won,83,1,270,270,83,subset,probability
